,source,target,name,vegetation,length
0,0,715,l(r:p3rdt1052-p3rhs0_1247),28.9,0.9348050000000002
1,1,2,l(r:p3rdt0lv-p3rlv1),2.2,0.026037000000000005
2,3,4,l(r:p3rdt1lv-p3rlv2)_s0,0.0,0.0245282
3,3,6,l(r:p3rdt1lv-p3rlv7),0.0,0.0262551
4,4,5,l(r:p3rdt1lv-p3rlv2)_s1,0.0,0.00174706
5,7,8,l(r:p3rdt2lv-p3rlv3),0.0,0.0194357
6,7,9,l(r:p3rdt2lv-p3rlv4),0.0,0.0314041
7,7,10,l(r:p3rdt2lv-p3rlv5),0.0,0.0334126
8,7,11,l(r:p3rdt2lv-p3rlv6),0.0,0.022570300000000005
9,7,12,l(r:p3rdt2lv-p3rlv8),0.0,0.0735921
10,13,14,l(r:p3rdt3lv-p3rlv9),0.0,0.0429455
11,13,15,l(r:p3rdt3lv-p3rlv25),0.0,0.0884156
12,13,16,l(r:p3rdt3lv-p3rlv145),0.0,0.0509652
13,13,17,l(r:p3rdm10-p3rdt3lv),0.0,0.019588
14,17,18,l(r:p3rdm10-p3rlv140),0.0,0.0668603
15,17,19,l(r:p3rdm10-p3rlv141),0.0,0.0949987
16,17,20,l(r:p3rdm10-p3rlv153),0.0,0.125479
17,21,22,l(r:p3rdt4lv-p3rlv10),0.0,0.0099777
18,21,23,l(r:p3rdt4lv-p3rlv12),0.0,0.0239857
19,21,24,l(r:p3rdt4lv-p3rlv14),0.0,0.0217126
20,21,25,l(r:p3rdt4lv-p3rlv271),0.0,0.039684
21,26,27,l(r:p3rdt6lv-p3rlv13),0.0,0.1043
22,26,28,l(r:p3rdm20-p3rdt6lv),0.0,0.0197908
23,28,29,l(r:p3rdm20-p3rlv17),0.0,0.0850323
24,28,30,l(r:p3rdm20-p3rlv28),0.0,0.108104
25,31,32,l(r:p3rdt10lv-p3rlv19),0.0,0.001
26,33,34,l(r:p3rdt11lv-p3rlv20),0.0,0.001
27,35,36,l(r:p3rdt12lv-p3rlv21),0.0,0.0377282
28,37,38,l(r:p3rdt16lv-p3rlv27),0.0,0.0218233
29,39,40,l(r:p3rdt35lv-p3rlv63),0.0,0.0183919
30,39,41,l(r:p3rdt35lv-p3rlv65),0.0,0.00851206
31,39,42,l(r:p3rdt35lv-p3rlv68),0.0,0.0378347
32,39,43,l(r:p3rdm70-p3rdt35lv),0.0,0.03439
33,39,45,l(r:p3rdm72-p3rdt35lv),0.0,0.0171975
34,43,44,l(r:p3rdm70-p3rlv70),0.0,0.0100629
35,45,46,l(r:p3rdm72-p3rlv73),0.0,0.0163089
36,45,47,l(r:p3rdm72-p3rlv74),0.0,0.00719576
37,45,48,l(r:p3rdm71-p3rdm72),0.0,0.0475719
38,48,49,l(r:p3rdm71-p3rlv71),0.0,0.028508300000000004
39,50,51,l(r:p3rdt36lv-p3rlv64),0.0,0.00418044
40,52,53,l(r:p3rdt37lv-p3rlv66),4.0,0.0613582
41,52,54,l(r:p3rdm76-p3rdt37lv),0.0,0.0171925
42,54,55,l(r:p3rdm76-p3rlv69),0.0,0.00997008
43,56,57,l(r:p3rdt38lv-p3rlv67),0.0,0.001
44,58,59,l(r:p3rdt39lv-p3rlv72),0.0,0.048886
45,60,61,l(r:p3rdt40lv-p3rlv75),0.0,0.0383785
46,60,62,l(r:p3rdt40lv-p3rlv76),0.0,0.0382332
47,60,63,l(r:p3rdt40lv-p3rlv77),0.0,0.039893000000000005
48,64,65,l(r:p3rdt42lv-p3rlv79),0.0,0.0695001
49,64,66,l(r:p3rdt42lv-p3rlv273),0.0,0.0134696
50,64,67,l(r:p3rdt42lv-p3rlv274),0.0,0.0353526
51,68,69,l(r:p3rdt65lv-p3rlv112),0.0,0.001
52,70,71,l(r:p3rdt66lv-p3rlv113),0.0,0.0919213
53,70,72,l(r:p3rdm120-p3rdt66lv),0.0,0.019588
54,70,74,l(r:p3rdm121-p3rdt66lv),0.0,0.019578
55,72,73,l(r:p3rdm120-p3rlv151),0.0,0.0691051
56,74,75,l(r:p3rdm121-p3rlv158),0.0,0.05191110000000001
57,76,77,l(r:p3rdt67lv-p3rlv114),0.0,0.0969167
58,76,78,l(r:p3rdt67lv-p3rlv124),0.0,0.10335
59,76,79,l(r:p3rdt67lv-p3rlv142),0.0,0.0560404
60,80,81,l(r:p3rdt68lv-p3rlv128),0.0,0.0469224
61,80,82,l(r:p3rdm125-p3rdt68lv),0.0,0.019588
62,82,83,l(r:p3rdm125-p3rlv115),0.0,0.0473655
63,84,85,l(r:p3rdt69lv-p3rlv116),0.0,0.0714783
64,84,86,l(r:p3rdt69lv-p3rlv152),0.0,0.0208194
65,84,87,l(r:p3rdm128-p3rdt69lv),0.0,0.019578
66,84,89,l(r:p3rdm129-p3rdt69lv),0.0,0.019588
67,87,88,l(r:p3rdm128-p3rlv120),0.0,0.0893744
68,89,90,l(r:p3rdm129-p3rlv147),0.0,0.0577301
69,91,92,l(r:p3rdt70lv-p3rlv117),0.0,0.0689837
70,91,93,l(r:p3rdt70lv-p3rlv129),0.0,0.049381
71,91,94,l(r:p3rdm133-p3rdt70lv),0.0,0.019588
72,94,95,l(r:p3rdm133-p3rlv155),0.0,0.0501841
73,96,97,l(r:p3rdt71lv-p3rlv118),0.0,0.04165100000000001
74,96,98,l(r:p3rdt71lv-p3rlv123),0.0,0.0421972
75,96,99,l(r:p3rdt71lv-p3rlv143),0.0,0.0511537
76,96,100,l(r:p3rdt71lv-p3rlv146),0.0,0.060663100000000005
77,96,101,l(r:p3rdt71lv-p3rlv149),0.0,0.0213069
78,96,102,l(r:p3rdm136-p3rdt71lv),0.0,0.0122942
79,102,103,l(r:p3rdm136-p3rlv130),0.0,0.00805732
80,104,105,l(r:p3rdt72lv-p3rlv119),0.0,0.0367539
81,104,106,l(r:p3rdt72lv-p3rlv136),0.0,0.0367539
82,107,108,l(r:p3rdt73lv-p3rlv121),0.0,0.0611437
83,109,110,l(r:p3rdm143-p3rlv122),0.0,0.0440601
84,111,109,l(r:p3rdm143-p3rdt74lv),0.0,0.039166
85,111,112,l(r:p3rdm144-p3rdt74lv),0.0,0.0195877
86,112,113,l(r:p3rdm144-p3rlv138),0.0,0.0476155
87,112,114,l(r:p3rdm144-p3rdm145),0.0,0.019578
88,114,115,l(r:p3rdm145-p3rlv150),0.0,0.0235511
89,116,117,l(r:p3rdt75lv-p3rlv125),0.0,0.001
90,118,119,l(r:p3rdt76lv-p3rlv126),0.0,0.0283752
91,118,120,l(r:p3rdt76lv-p3rlv132),0.0,0.03274740000000001
92,118,121,l(r:p3rdt76lv-p3rlv137),0.0,0.0044908
93,122,123,l(r:p3rdt77lv-p3rlv133),0.0,0.0552275
94,122,124,l(r:p3rdm150-p3rdt77lv),0.0,0.0195877
95,122,126,l(r:p3rdm152-p3rdt77lv),0.0,0.039166
96,124,125,l(r:p3rdm150-p3rlv127),0.0,0.0285548
97,126,127,l(r:p3rdm152-p3rlv156),0.0,0.0211975
98,128,129,l(r:p3rdt78lv-p3rlv131),0.0,0.055066
99,130,131,l(r:p3rdt79lv-p3rlv134),0.0,0.0355408
100,132,133,l(r:p3rdt80lv-p3rlv135),0.0,0.0339405
101,134,135,l(r:p3rdt81lv-p3rlv139),0.0,0.015572
102,134,136,l(r:p3rdt81lv-p3rlv235),0.0,0.0182126
103,134,137,l(r:p3rdt81lv-p3rlv241),0.0,0.0230863
104,134,138,l(r:p3rdt81lv-p3rlv245),0.0,0.0239571
105,139,140,l(r:p3rdt82lv-p3rlv144),0.0,0.001
106,141,142,l(r:p3rdt83lv-p3rlv148),0.0,0.0387442
107,143,144,l(r:p3rdt84lv-p3rlv154),0.0,0.001
108,145,146,l(r:p3rdt85lv-p3rlv157),0.0,0.0545134
109,147,148,l(r:p3rdt104lv-p3rlv185),0.0,0.018428200000000002
110,149,150,l(r:p3rdt105lv-p3rlv186),0.0,0.0392436
111,151,152,l(r:p3rdt106lv-p3rlv190),0.0,0.0129966
112,151,153,l(r:p3rdm193-p3rdt106lv),0.0,0.0158685
113,151,156,l(r:p3rdm196-p3rdt106lv),0.0,0.0158656
114,153,154,l(r:p3rdm193-p3rlv187),0.0,0.013556000000000002
115,153,155,l(r:p3rdm193-p3rlv188),0.0,0.005673
116,156,157,l(r:p3rdm196-p3rlv192),0.0,0.0113656
117,158,159,l(r:p3rdt107lv-p3rlv189),0.0,0.0403274
118,160,161,l(r:p3rdt108lv-p3rlv199),0.0,0.0148475
119,160,162,l(r:p3rdt108lv-p3rlv202),0.0,0.0129766
120,160,163,l(r:p3rdm198-p3rdt108lv),0.0,0.103768
121,160,165,l(r:p3rdm201-p3rdt108lv),0.0,0.029504700000000002
122,163,164,l(r:p3rdm198-p3rlv191),0.0,0.0189705
123,165,166,l(r:p3rdm201-p3rlv208),0.0,0.03542
124,167,168,l(r:p3rdt109lv-p3rlv194),0.0,0.0444138
125,167,169,l(r:p3rdt109lv-p3rlv201),0.0,0.0651934
126,167,170,l(r:p3rdm202-p3rdt109lv),0.0,0.01904
127,170,171,l(r:p3rdm202-p3rlv193),0.0,0.0747837
128,172,173,l(r:p3rdt110lv-p3rlv195),0.0,0.0868223
129,174,175,l(r:p3rdt111lv-p3rlv196),0.0,0.023802600000000004
130,176,177,l(r:p3rdt112lv-p3rlv197),0.0,0.0522764
131,176,178,l(r:p3rdt112lv-p3rlv198),0.0,0.036571
132,179,180,l(r:p3rdt114lv-p3rlv203),0.0,0.056043
133,179,181,l(r:p3rdm211-p3rdt114lv),0.0,0.0166946
134,181,182,l(r:p3rdm211-p3rlv204),0.0,0.037964700000000004
135,181,183,l(r:p3rdm211-p3rdm212),0.0,0.0166885
136,183,184,l(r:p3rdm212-p3rlv206),0.0,0.118441
137,185,186,l(r:p3rdt115lv-p3rlv205),0.0,0.00837969
138,185,187,l(r:p3rdt115lv-p3rlv207),0.0,0.00837969
139,188,189,l(r:p3rdt117lv-p3rlv211),0.0,0.0158845
140,190,191,l(r:p3rdt118lv-p3rlv212),0.0,0.00263638
141,192,193,l(r:p3rdt119lv-p3rlv214),0.0,0.001
142,192,194,l(r:p3rdm219-p3rdt119lv),0.0,0.0362992
143,194,195,l(r:p3rdm219-p3rlv213),0.0,0.008336500000000002
144,194,196,l(r:p3rdm219-p3rdm221),0.0,0.102921
145,196,197,l(r:p3rdm221-p3rlv217),0.0,0.00708071
146,198,199,l(r:p3rdt120lv-p3rlv215),0.0,0.007436800000000001
147,200,201,l(r:p3rdt121lv-p3rlv216),0.0,0.0163328
148,202,203,l(r:p3rdt128lv-p3rlv230),0.0,0.00662999
149,202,204,l(r:p3rdt128lv-p3rlv231),0.0,0.0212354
150,202,205,l(r:p3rdt128lv-p3rlv232),0.0,0.0146493
151,206,207,l(r:p3rdt129lv-p3rlv233),0.0,0.0139623
152,208,209,l(r:p3rdt130lv-p3rlv234),0.0,0.001
153,210,211,l(r:p3rdm241-p3rlv236),0.0,0.066876
154,212,210,l(r:p3rdm241-p3rdt131lv),0.0,0.0198611
155,212,213,l(r:p3rdm242-p3rdt131lv),0.0,0.0198512
156,213,214,l(r:p3rdm242-p3rlv244),0.0,0.0952272
157,215,216,l(r:p3rdt132lv-p3rlv237),0.0,0.0969935
158,217,218,l(r:p3rdt133lv-p3rlv238),0.0,0.0488766
159,219,220,l(r:p3rdt134lv-p3rlv239),0.0,0.0309557
160,219,221,l(r:p3rdt134lv-p3rlv243),0.0,0.020665400000000004
161,219,222,l(r:p3rdt134lv-p3rlv246),0.0,0.0148754
162,223,224,l(r:p3rdt135lv-p3rlv240),0.0,0.0820018
163,225,226,l(r:p3rdt136lv-p3rlv242),0.0,0.0915598
164,227,228,l(r:p3rdt152lv-p3rlv275),0.0,0.0175893
165,229,230,l(r:p3rdt153lv-p3rlv276),0.0,0.0557192
166,229,231,l(r:p3rdt153lv-p3rlv277),0.0,0.0439522
167,229,232,l(r:p3rdt153lv-p3rlv316),0.0,0.059797600000000006
168,229,233,l(r:p3rdt153lv-p3rlv317),0.0,0.0333076
169,229,234,l(r:p3rdt153lv-p3rlv325),0.0,0.00730632
170,235,236,l(r:p3rdt154lv-p3rlv278),0.0,0.001
171,237,238,l(r:p3rdt155lv-p3rlv279),0.0,0.0101819
172,237,239,l(r:p3rdt155lv-p3rlv280),0.0,0.0101819
173,240,241,l(r:p3rdt156lv-p3rlv281),0.0,0.0152426
174,240,242,l(r:p3rdt156lv-p3rlv285),0.0,0.0152426
175,243,244,l(r:p3rdt157lv-p3rlv282),0.0,0.0676212
176,243,245,l(r:p3rdt157lv-p3rlv284),0.0,0.0300277
177,243,246,l(r:p3rdt157lv-p3rlv286),0.0,0.0502627
178,243,247,l(r:p3rdt157lv-p3rlv287),0.0,0.00266027
179,248,249,l(r:p3rdt158lv-p3rlv288),0.0,0.05657
180,248,250,l(r:p3rdm289-p3rdt158lv),3.6,0.0182342
181,250,251,l(r:p3rdm289-p3rlv283),6.0,0.00908509
182,252,253,l(r:p3rdm295-p3rlv293),0.0,0.0276237
183,252,254,l(r:p3rdm295-p3rlv310),0.0,0.0931234
184,255,252,l(r:p3rdm295-p3rdt161lv),0.0,0.0199803
185,255,256,l(r:p3rdm296-p3rdt161lv),0.0,0.0199804
186,256,257,l(r:p3rdm296-p3rlv307),0.0,0.0624215
187,256,258,l(r:p3rdm294-p3rdm296),0.0,0.0183737
188,258,259,l(r:p3rdm294-p3rlv292),0.0,0.04026620000000001
189,260,261,l(r:p3rdt162lv-p3rlv313),5.8,0.00958151
190,260,262,l(r:p3rdm298-p3rdt162lv),1.6,0.0638118
191,260,264,l(r:p3rdm299-p3rdt162lv),0.4,0.073776
192,262,263,l(r:p3rdm298-p3rlv294),0.0,0.009642
193,264,265,l(r:p3rdm299-p3rlv312),0.0,0.0186251
194,266,267,l(r:p3rdt163lv-p3rlv295),0.0,0.0991748
195,266,268,l(r:p3rdm302-p3rdt163lv),0.0,0.0177002
196,266,271,l(r:p3rdm303-p3rdt163lv),0.0,0.017710200000000002
197,268,269,l(r:p3rdm302-p3rlv299),0.0,0.0763971
198,268,270,l(r:p3rdm302-p3rlv304),0.0,0.04614
199,271,272,l(r:p3rdm303-p3rlv300),0.0,0.05823840000000001
200,273,274,l(r:p3rdt164lv-p3rlv296),0.0,0.0133995
201,273,275,l(r:p3rdt164lv-p3rlv298),0.0,0.00756838
202,276,277,l(r:p3rdt165lv-p3rlv297),0.0,0.0317724
203,278,279,l(r:p3rdt166lv-p3rlv301),0.0,0.0105129
204,278,280,l(r:p3rdt166lv-p3rlv305),0.0,0.0122813
205,278,281,l(r:p3rdm310-p3rdt166lv),0.0,0.01844
206,281,282,l(r:p3rdm310-p3rlv306),0.0,0.0229144
207,283,284,l(r:p3rdt167lv-p3rlv302),0.0,0.0317299
208,285,286,l(r:p3rdt168lv-p3rlv303),6.3,0.0189933
209,285,287,l(r:p3rdt168lv-p3rlv311),4.9,0.0189933
210,288,289,l(r:p3rdt169lv-p3rlv308),0.0,0.0426523
211,290,291,l(r:p3rdt170lv-p3rlv309),0.0,0.018657400000000005
212,292,293,l(r:p3rdm316-p3rlv314),0.0,0.0507476
213,294,292,l(r:p3rdm316-p3rdt171lv),0.0,0.0139868
214,294,295,l(r:p3rdm317-p3rdt171lv),0.0,0.0139843
215,295,296,l(r:p3rdm317-p3rlv315),2.8,0.0505725
216,297,298,l(r:p3rdt178lv-p3rlv326),0.0,0.0129234
217,297,299,l(r:p3rdt178lv-p3rlv327),0.0,0.0213842
218,297,300,l(r:p3rdt178lv-p3rlv328),0.0,0.0171539
219,297,301,l(r:p3rdt178lv-p3rlv330),0.0,0.0188446
220,302,303,l(r:p3rdt179lv-p3rlv329),0.0,0.001
221,304,305,l(r:p3rdt313lv-p3rlv619),4.9,0.0917139
222,306,307,l(r:p3rdt314lv-p3rlv620),0.0,0.00434053
223,308,309,l(r:p3rdm673-p3rlv664),0.0,0.0124204
224,310,308,l(r:p3rdm673-p3rdt347lv),2.4,0.018124100000000004
225,310,311,l(r:p3rdm674-p3rdt347lv),0.0,0.0155907
226,311,312,l(r:p3rdm674-p3rlv665),0.0,0.0070772100000000004
227,313,314,l(r:p3rdt434lv-p3rlv803),0.0,0.0142048
228,313,315,l(r:p3rdt434lv-p3rlv805),0.0,0.00630313
229,313,316,l(r:p3rdt434lv-p3rlv808),0.0,0.020632
230,313,317,l(r:p3rdt434lv-p3rlv809),5.5,0.021977300000000005
231,318,319,l(r:p3rdt435lv-p3rlv804),9.7,0.0587946
232,318,320,l(r:p3rdt435lv-p3rlv807),8.1,0.0195518
233,321,322,l(r:p3rdt436lv-p3rlv806),9.0,0.005683470000000001
234,323,324,l(r:p3rdt437lv-p3rlv810),13.4,0.040419
235,325,326,l(r:p3rdm832-p3rlv811),10.0,0.0115128
236,327,325,l(r:p3rdm832-p3rdt438lv),10.0,0.00905219
237,327,328,l(r:p3rdm833-p3rdt438lv),8.6,0.0233897
238,328,329,l(r:p3rdm833-p3rlv1000),8.0,0.00432897
239,330,331,l(r:p3rdt439lv-p3rlv812),23.0,0.0136191
240,332,333,l(r:p3rdt440lv-p3rlv813),0.0,0.001
241,334,335,l(r:p3rdt494lv-p3rlv907),23.0,0.00995181
242,336,337,l(r:p3rdt538lv-p3rlv996),9.6,0.0106157
243,338,339,l(r:p3rdt539lv-p3rlv997),0.0,0.0540977
244,340,341,l(r:p3rdt541lv-p3rlv999),6.0,0.0222436
245,342,343,l(r:p3rdt542lv-p3rlv1001),8.0,0.0268331
246,342,344,l(r:p3rdt542lv-p3rlv1004),8.6,0.066009
247,345,346,l(r:p3rdt543lv-p3rlv1002),7.2,0.0137828
248,347,348,l(r:p3rdt544lv-p3rlv1003),8.9,0.0209635
249,349,350,l(r:p3rdt545lv-p3rlv1005),10.0,0.0549256
250,351,352,l(r:p3rdt547lv-p3rlv1007),17.2,0.0135232
251,353,354,l(r:p3rdt955lv-p3rlv1703),0.0,0.0275029
252,353,355,l(r:p3rdt955lv-p3rlv1708),0.0,0.0106141
253,356,357,l(r:p3rdm1717-p3rlv1704),9.6,0.024840700000000004
254,358,356,l(r:p3rdm1717-p3rdt956lv),0.0,0.00889182
255,358,359,l(r:p3rdm1718-p3rdt956lv),2.8,0.0688865
256,359,360,l(r:p3rdm1718-p3rlv1721),6.0,0.0139097
257,361,362,l(r:p3rdt957lv-p3rlv1705),0.0,0.0169974
258,363,364,l(r:p3rdt959lv-p3rlv1707),6.6,0.017718700000000004
259,365,366,l(r:p3rdt960lv-p3rlv1709),0.0,0.0200762
260,367,368,l(r:p3rdt961lv-p3rlv1711),10.0,0.00378345
261,369,370,l(r:p3rdt962lv-p3rlv1712),2.0,0.0722188
262,371,372,l(r:p3rdt963lv-p3rlv1713),2.8,0.0279044
263,373,374,l(r:p3rdt964lv-p3rlv1714),7.0,0.027952300000000003
264,375,376,l(r:p3rdt966lv-p3rlv1716),4.2,0.027663
265,377,378,l(r:p3rdm1729-p3rlv1720),8.6,0.0402668
266,379,377,l(r:p3rdm1729-p3rdt967lv),4.2,0.0382853
267,379,380,l(r:p3rdm1730-p3rdt967lv),3.0,0.0382853
268,380,381,l(r:p3rdm1730-p3rlv1895),8.4,0.0166816
269,382,383,l(r:p3rdm1767-p3rlv1762),6.3,0.0179066
270,384,382,l(r:p3rdm1767-p3rdt988lv),2.1,0.0566346
271,384,385,l(r:p3rdm1768-p3rdt988lv),0.0,0.038805700000000005
272,385,386,l(r:p3rdm1768-p3rlv1763),0.0,0.00533563
273,385,387,l(r:p3rdm1766-p3rdm1768),0.0,0.034206200000000006
274,387,388,l(r:p3rdm1766-p3rlv1759),0.0,0.00460825
275,389,390,l(r:p3rdt1001lv-p3rlv1780),0.0,0.008150120000000002
276,389,391,l(r:p3rdm1783-p3rdt1001lv),0.0,0.0738965
277,389,393,l(r:p3rdm1785-p3rdt1001lv),5.6,0.0373746
278,391,392,l(r:p3rdm1783-p3rlv1779),0.0,0.0285214
279,393,394,l(r:p3rdm1785-p3rlv1781),7.0,0.00621181
280,395,396,l(r:p3rdm1859-p3rlv1861),2.9,0.0263669
281,397,395,l(r:p3rdm1859-p3rdt1052lv),8.0,0.0175529
282,397,398,l(r:p3rdm1860-p3rdt1052lv),7.1,0.035099
283,398,399,l(r:p3rdm1860-p3rlv1879),10.5,0.022465
284,400,401,l(r:p3rdt1053lv-p3rlv1867),18.1,0.0248222
285,400,402,l(r:p3rdm1861-p3rdt1053lv),13.1,0.0346745
286,402,403,l(r:p3rdm1861-p3rlv1862),10.8,0.0026313900000000004
287,404,405,l(r:p3rdt1055lv-p3rlv1866),0.0,0.0174111
288,404,406,l(r:p3rdm1864-p3rdt1055lv),5.6,0.0376495
289,404,408,l(r:p3rdm1866-p3rdt1055lv),1.0,0.025654
290,406,407,l(r:p3rdm1864-p3rlv1864),8.0,0.0142321
291,408,409,l(r:p3rdm1866-p3rlv1873),1.5,0.0447083
292,410,411,l(r:p3rdt1056lv-p3rlv1865),0.0,0.022327800000000002
293,410,412,l(r:p3rdt1056lv-p3rlv1880),0.0,0.0154106
294,410,413,l(r:p3rdm1869-p3rdt1056lv),0.0,0.00974459
295,413,414,l(r:p3rdm1869-p3rlv1881),0.0,0.00996619
296,415,416,l(r:p3rdt1058lv-p3rlv1869),12.5,0.0396959
297,417,418,l(r:p3rdt1059lv-p3rlv1870),8.0,0.0132208
298,417,419,l(r:p3rdt1059lv-p3rlv1876),8.2,0.0298375
299,420,421,l(r:p3rdt1060lv-p3rlv1871),8.7,0.0584684
300,422,423,l(r:p3rdt1062lv-p3rlv1874),11.0,0.007758570000000001
301,424,425,l(r:p3rdt1063lv-p3rlv1875),2.6,0.0682728
302,426,427,l(r:p3rdt1064lv-p3rlv1877),4.8,0.03542240000000001
303,428,429,l(r:p3rdt1065lv-p3rlv1878),0.0,0.0160295
304,430,431,l(r:p3rdt1066lv-p3rlv1882),7.0,0.0182598
305,432,433,l(r:p3rdm1888-p3rlv1890),10.0,0.00813183
306,432,434,l(r:p3rdm1888-p3rlv1892),10.0,0.0103298
307,435,432,l(r:p3rdm1888-p3rdt1071lv),10.8,0.018013
308,435,436,l(r:p3rdm1890-p3rdt1071lv),11.0,0.0522278
309,436,437,l(r:p3rdm1890-p3rlv1896),6.2,0.0301208
310,438,439,l(r:p3rdm1891-p3rlv1891),8.0,0.0093949
311,440,438,l(r:p3rdm1891-p3rdt1072lv),9.2,0.0616697
312,440,441,l(r:p3rdm1892-p3rdt1072lv),8.8,0.0160282
313,441,442,l(r:p3rdm1892-p3rlv1899),8.4,0.0263207
314,443,444,l(r:p3rdm1893-p3rlv1893),7.0,0.0238912
315,445,443,l(r:p3rdm1893-p3rdt1073lv),0.7,0.05383380000000001
316,445,446,l(r:p3rdm1894-p3rdt1073lv),8.1,0.0511182
317,446,447,l(r:p3rdm1894-p3rlv1897),9.0,0.00356546
318,448,449,l(r:p3rdt1074lv-p3rlv1894),3.3,0.0174466
319,448,450,l(r:p3rdm1896-p3rdt1074lv),0.0,0.0162336
320,450,451,l(r:p3rdm1896-p3rlv1900),0.0,0.0049025
321,452,453,l(r:p3rdt1075lv-p3rlv1898),3.5,0.036354300000000006
322,454,455,l(r:p3rdt1076lv-p3rlv1903),21.1,0.052646000000000005
323,454,456,l(r:p3rdt1076lv-p3rlv1922),21.1,0.050936
324,454,457,l(r:p3rdm1899-p3rdt1076lv),8.2,0.025619300000000005
325,457,458,l(r:p3rdm1899-p3rlv1904),8.0,0.009720630000000001
326,459,460,l(r:p3rdt1077lv-p3rlv1905),22.8,0.0146291
327,461,462,l(r:p3rdt1078lv-p3rlv1906),2.4,0.0791524
328,463,464,l(r:p3rdt1079lv-p3rlv1908),8.1,0.0526502
329,463,465,l(r:p3rdm1903-p3rdt1079lv),5.1,0.0492986
330,465,466,l(r:p3rdm1903-p3rlv1907),0.0,0.0165109
331,467,468,l(r:p3rdt1080lv-p3rlv1918),13.7,0.0341116
332,467,469,l(r:p3rdm1905-p3rdt1080lv),21.7,0.017601
333,467,471,l(r:p3rdm1907-p3rdt1080lv),23.0,0.017601
334,469,470,l(r:p3rdm1905-p3rlv1909),12.5,0.0167796
335,471,472,l(r:p3rdm1907-p3rlv1920),31.1,0.014053800000000002
336,473,474,l(r:p3rdt1081lv-p3rlv1910),0.0,0.00839658
337,473,475,l(r:p3rdt1081lv-p3rlv1916),0.0,0.00839658
338,476,477,l(r:p3rdt1082lv-p3rlv1911),9.0,0.0133806
339,478,479,l(r:p3rdt1083lv-p3rlv1912),31.0,0.00719576
340,478,480,l(r:p3rdt1083lv-p3rlv1921),31.0,0.00357816
341,481,482,l(r:p3rdt1084lv-p3rlv1913),18.0,0.0251219
342,483,484,l(r:p3rdt1085lv-p3rlv1915),7.0,0.0264351
343,485,486,l(r:p3rdt1086lv-p3rlv1917),11.9,0.0358915
344,487,488,l(r:p3rdt1087lv-p3rlv1919),36.4,0.06354
345,489,490,l(r:p3rdt1447lv-p3rlv2642),0.0,0.001
346,491,492,l(r:p3rdt1452lv-p3rlv2648),0.0,0.001
347,493,494,l(r:p3rdt1454lv-p3rlv2652),0.0,0.001
348,495,496,l(r:p3rdt1057-p3rdt1062),9.1,0.137879
349,496,745,padswitch(r:p3rdt1057-p3rdt1062)p3r_812,10.2,0.001
350,497,498,l(r:p3rdt1079-p3rdt1082),5.5,0.200162
351,498,476,Transformer.tr(r:p3rdt1082-p3rdt1082lv),9.0,0.0
352,499,500,l(r:p3rdt1078-p3rdt1083),4.8,0.474184
353,499,501,l(r:p3rdt1081-p3rdt1083),6.4,0.340446
354,499,478,Transformer.tr(r:p3rdt1083-p3rdt1083lv),31.0,0.0
355,500,461,Transformer.tr(r:p3rdt1078-p3rdt1078lv),2.0,0.0
356,501,473,Transformer.tr(r:p3rdt1081-p3rdt1081lv),0.0,0.0
357,502,499,l(r:p3rdt1076-p3rdt1083),28.6,0.140631
358,503,504,l(r:p3rdt1-p3rdt2),0.0,0.076564
359,504,7,Transformer.tr(r:p3rdt2-p3rdt2lv),0.0,0.0
360,505,506,l(r:p3rdt179-p3rdt78)_s0,0.0,0.373317
361,505,302,Transformer.tr(r:p3rdt179-p3rdt179lv),0.0,0.0
362,506,507,l(r:p3rdt179-p3rdt78)_s1,0.0,0.22773300000000002
363,507,128,Transformer.tr(r:p3rdt78-p3rdt78lv),0.0,0.0
364,508,505,l(r:p3rdt178-p3rdt179),0.0,0.0457644
365,508,297,Transformer.tr(r:p3rdt178-p3rdt178lv),0.0,0.0
366,509,508,l(r:p3rdt154-p3rdt178),0.0,0.782845
367,509,235,Transformer.tr(r:p3rdt154-p3rdt154lv),0.0,0.0
368,510,509,l(r:p3rdt154-p3rdt176),0.0,0.110383
369,511,512,l(r:p3rdt157-p3rdt159),0.0,0.0959136
370,512,243,Transformer.tr(r:p3rdt157-p3rdt157lv),0.0,0.0
371,513,514,l(r:p3rdt961-p3rdt962),6.1,0.622594
372,513,369,Transformer.tr(r:p3rdt962-p3rdt962lv),0.0,0.0
373,514,367,Transformer.tr(r:p3rdt961-p3rdt961lv),10.0,0.0
374,515,513,l(r:p3rdt955-p3rdt962),0.0,0.05956260000000001
375,515,353,Transformer.tr(r:p3rdt955-p3rdt955lv),0.0,0.0
376,516,515,l(r:p3rdt955-p3rdt959),2.7,0.566504
377,517,518,l(r:p3rdt112-p3rdt114),0.0,0.0324335
378,517,179,Transformer.tr(r:p3rdt114-p3rdt114lv),0.0,0.0
379,518,176,Transformer.tr(r:p3rdt112-p3rdt112lv),0.0,0.0
380,519,517,l(r:p3rdt109-p3rdt114),0.0,0.299924
381,519,167,Transformer.tr(r:p3rdt109-p3rdt109lv),0.0,0.0
382,520,521,l(r:p3rdt109-p3rdt115)_s0,0.0,0.358721
383,521,519,l(r:p3rdt109-p3rdt115)_s1,0.0,0.11248
384,522,523,l(r:p3rdt110-p3rdt115)_s0,0.0,0.131317
385,523,524,l(r:p3rdt110-p3rdt115)_s1,0.0,0.0328893
386,524,172,Transformer.tr(r:p3rdt110-p3rdt110lv),0.0,0.0
387,525,526,l(r:p3rdt105-p3rdt106),0.0,0.208066
388,526,151,Transformer.tr(r:p3rdt106-p3rdt106lv),0.0,0.0
389,527,528,l(r:p3rdt10-p3rdt6),0.0,0.163945
390,528,31,Transformer.tr(r:p3rdt10-p3rdt10lv),0.0,0.0
391,529,530,l(r:p3rdt12-p3rdt3),0.0,0.001
392,529,35,Transformer.tr(r:p3rdt12-p3rdt12lv),0.0,0.0
393,530,13,Transformer.tr(r:p3rdt3-p3rdt3lv),0.0,0.0
394,531,529,l(r:p3rdt12-p3rdt69),0.0,0.117497
395,532,533,l(r:p3rdt65-p3rdt80),0.0,0.120533
396,533,68,Transformer.tr(r:p3rdt65-p3rdt65lv),0.0,0.0
397,534,535,l(r:p3rdt73-p3rdt85),0.0,0.039165700000000005
398,534,145,Transformer.tr(r:p3rdt85-p3rdt85lv),0.0,0.0
399,535,107,Transformer.tr(r:p3rdt73-p3rdt73lv),0.0,0.0
400,536,534,l(r:p3rdt79-p3rdt85),0.0,0.058754
401,536,130,Transformer.tr(r:p3rdt79-p3rdt79lv),0.0,0.0
402,537,536,l(r:p3rdt66-p3rdt79),0.0,0.039165700000000005
403,537,70,Transformer.tr(r:p3rdt66-p3rdt66lv),0.0,0.0
404,538,537,l(r:p3rdt66-p3rdt83),0.0,0.019588
405,538,141,Transformer.tr(r:p3rdt83-p3rdt83lv),0.0,0.0
406,539,538,l(r:p3rdt70-p3rdt83),0.0,0.058753700000000006
407,539,91,Transformer.tr(r:p3rdt70-p3rdt70lv),0.0,0.0
408,540,539,l(r:p3rdt68-p3rdt70),0.0,0.039165700000000005
409,540,80,Transformer.tr(r:p3rdt68-p3rdt68lv),0.0,0.0
410,541,540,l(r:p3rdt68-p3rdt80),0.0,0.039166
411,542,543,l(r:p3rdt71-p3rdt82),0.0,0.186948
412,543,139,Transformer.tr(r:p3rdt82-p3rdt82lv),0.0,0.0
413,544,545,l(r:p3rdt72-p3rdt76),0.0,0.106513
414,544,118,Transformer.tr(r:p3rdt76-p3rdt76lv),0.0,0.0
415,545,104,Transformer.tr(r:p3rdt72-p3rdt72lv),0.0,0.0
416,546,544,l(r:p3rdt75-p3rdt76),0.0,0.119176
417,546,116,Transformer.tr(r:p3rdt75-p3rdt75lv),0.0,0.0
418,547,546,l(r:p3rdt75-p3rdt84),0.0,0.121625
419,547,143,Transformer.tr(r:p3rdt84-p3rdt84lv),0.0,0.0
420,548,549,l(r:p3rdt71-p3rdt84)_s0,0.0,0.159821
421,549,547,l(r:p3rdt71-p3rdt84)_s1,0.0,0.0154586
422,550,551,l(r:p3rdt129-p3rdt134)_s0,0.0,0.118559
423,550,553,l(r:p3rdt129-p3rdt136),0.0,0.0198611
424,550,206,Transformer.tr(r:p3rdt129-p3rdt129lv),0.0,0.0
425,551,552,l(r:p3rdt129-p3rdt134)_s1,0.0,0.0271136
426,552,219,Transformer.tr(r:p3rdt134-p3rdt134lv),0.0,0.0
427,553,554,l(r:p3rdt132-p3rdt136),0.0,0.0595635
428,553,225,Transformer.tr(r:p3rdt136-p3rdt136lv),0.0,0.0
429,554,215,Transformer.tr(r:p3rdt132-p3rdt132lv),0.0,0.0
430,555,556,l(r:p3rdt129-p3rdt131)_s0,0.0,0.238484
431,555,558,l(r:p3rdt130-p3rdt131)_s0,0.0,0.10513
432,555,212,Transformer.tr(r:p3rdt131-p3rdt131lv),0.0,0.0
433,556,557,l(r:p3rdt129-p3rdt131)_s1,0.0,0.205012
434,557,550,l(r:p3rdt129-p3rdt131)_s2,0.0,0.17204
435,558,559,l(r:p3rdt130-p3rdt131)_s1,0.0,0.0172333
436,559,208,Transformer.tr(r:p3rdt130-p3rdt130lv),0.0,0.0
437,560,555,l(r:p3rdt131-p3rdt135),0.0,0.203432
438,560,223,Transformer.tr(r:p3rdt135-p3rdt135lv),0.0,0.0
439,561,560,l(r:p3rdt135-p3rdt81),0.0,0.018692500000000004
440,561,134,Transformer.tr(r:p3rdt81-p3rdt81lv),0.0,0.0
441,562,561,l(r:p3rdt67-p3rdt81),0.0,0.532727
442,563,564,l(r:p3rdt119-p3rdt120),0.0,0.129852
443,563,198,Transformer.tr(r:p3rdt120-p3rdt120lv),0.0,0.0
444,564,192,Transformer.tr(r:p3rdt119-p3rdt119lv),0.0,0.0
445,565,563,l(r:p3rdt120-p3rdt121),0.0,0.0523921
446,565,200,Transformer.tr(r:p3rdt121-p3rdt121lv),0.0,0.0
447,566,565,l(r:p3rdt117-p3rdt121),0.0,0.0200504
448,566,188,Transformer.tr(r:p3rdt117-p3rdt117lv),0.0,0.0
449,567,566,l(r:p3rdt117-p3rdt118),0.0,0.048171700000000005
450,567,190,Transformer.tr(r:p3rdt118-p3rdt118lv),0.0,0.0
451,568,569,l(r:p3rdt118-p3rdt40)_s0,0.0,0.190441
452,568,60,Transformer.tr(r:p3rdt40-p3rdt40lv),0.0,0.0
453,569,567,l(r:p3rdt118-p3rdt40)_s1,0.0,0.866685
454,570,571,l(r:p3rdt40-p3rdt42)_s0,0.0,0.165121
455,570,64,Transformer.tr(r:p3rdt42-p3rdt42lv),0.0,0.0
456,571,568,l(r:p3rdt40-p3rdt42)_s1,0.0,0.422631
457,572,570,l(r:p3rdt152-p3rdt42),0.0,0.0387663
458,572,227,Transformer.tr(r:p3rdt152-p3rdt152lv),0.0,0.0
459,573,572,l(r:p3rdt133-p3rdt152),0.0,0.0775325
460,573,217,Transformer.tr(r:p3rdt133-p3rdt133lv),0.0,0.0
461,574,573,l(r:p3rdt133-p3rdt67),0.0,0.464363
462,575,576,l(r:p3rdt16-p3rdt4),0.0,0.031642
463,575,37,Transformer.tr(r:p3rdt16-p3rdt16lv),0.0,0.0
464,576,21,Transformer.tr(r:p3rdt4-p3rdt4lv),0.0,0.0
465,577,575,l(r:p3rdt107-p3rdt16),0.0,0.513133
466,578,579,l(r:p3rdt161-p3rdt163),0.0,0.263693
467,579,266,Transformer.tr(r:p3rdt163-p3rdt163lv),0.0,0.0
468,580,581,l(r:p3rdt1447-p3rdt1452),0.0,0.0416233
469,581,489,Transformer.tr(r:p3rdt1447-p3rdt1447lv),0.0,0.0
470,582,583,l(r:p3rdt162-p3rdt168),1.5,0.272987
471,583,285,Transformer.tr(r:p3rdt168-p3rdt168lv),7.0,0.0
472,584,585,l(r:p3rdt434-p3rdt440),0.3,0.48477
473,585,313,Transformer.tr(r:p3rdt434-p3rdt434lv),0.0,0.0
474,586,587,l(r:p3rdt435-p3rdt440)_s0,7.5,0.356058
475,587,588,l(r:p3rdt435-p3rdt440)_s1,8.2,0.0196524
476,588,318,Transformer.tr(r:p3rdt435-p3rdt435lv),7.5,0.0
477,589,590,l(r:p3rdt437-p3rdt439),32.6,0.18968
478,589,323,Transformer.tr(r:p3rdt437-p3rdt437lv),10.0,0.0
479,590,330,Transformer.tr(r:p3rdt439-p3rdt439lv),23.0,0.0
480,591,589,l(r:p3rdt436-p3rdt437),8.5,0.326637
481,591,321,Transformer.tr(r:p3rdt436-p3rdt436lv),9.0,0.0
482,592,591,l(r:p3rdt436-p3rdt956),6.2,0.413519
483,592,358,Transformer.tr(r:p3rdt956-p3rdt956lv),0.0,0.0
484,593,594,l(r:p3rdt956-p3rdt960),4.8,0.08945600000000002
485,594,751,l(r:p3rdt956-p3rdt960)_disconnect,6.0,0.001
486,595,596,l(r:p3rdt957-p3rdt963),1.8,0.463068
487,595,361,Transformer.tr(r:p3rdt957-p3rdt957lv),0.0,0.0
488,596,371,Transformer.tr(r:p3rdt963-p3rdt963lv),7.0,0.0
489,597,595,l(r:p3rdt957-p3rdt960),0.9,0.0753389
490,598,599,l(r:p3rdt438-p3rdt538),9.8,0.320532
491,599,327,Transformer.tr(r:p3rdt438-p3rdt438lv),10.0,0.0
492,600,601,l(r:p3rdt542-p3rdt545),13.0,0.001
493,600,342,Transformer.tr(r:p3rdt542-p3rdt542lv),9.0,0.0
494,601,349,Transformer.tr(r:p3rdt545-p3rdt545lv),13.0,0.0
495,602,600,l(r:p3rdt539-p3rdt542),6.0,0.189149
496,602,338,Transformer.tr(r:p3rdt539-p3rdt539lv),0.0,0.0
497,603,602,l(r:p3rdt539-p3rdt541),5.4,0.087724
498,603,604,l(r:p3rdt541-p3rdt543),4.8,0.154083
499,603,607,l(r:p3rdt1072-p3rdt541),5.5,0.300735
500,603,340,Transformer.tr(r:p3rdt541-p3rdt541lv),6.0,0.0
501,604,345,Transformer.tr(r:p3rdt543-p3rdt543lv),9.0,0.0
502,605,606,l(r:p3rdt1071-p3rdt1075),7.6,0.116657
503,605,452,Transformer.tr(r:p3rdt1075-p3rdt1075lv),7.0,0.0
504,606,435,Transformer.tr(r:p3rdt1071-p3rdt1071lv),12.0,0.0
505,607,605,l(r:p3rdt1072-p3rdt1075),5.6,0.186856
506,607,440,Transformer.tr(r:p3rdt1072-p3rdt1072lv),10.0,0.0
507,608,603,l(r:p3rdt541-p3rdt547),13.6,0.1231
508,609,610,l(r:p3rdt544-p3rdt547),8.9,0.228144
509,610,347,Transformer.tr(r:p3rdt544-p3rdt544lv),8.0,0.0
510,611,612,l(r:p3rdt1077-p3rdt494),15.7,0.11545000000000001
511,611,459,Transformer.tr(r:p3rdt1077-p3rdt1077lv),15.0,0.0
512,612,752,l(r:p3rdt1077-p3rdt494)_disconnect,28.3,0.001
513,613,611,l(r:p3rdt1077-p3rdt1086),5.5,0.158271
514,614,615,l(r:p3rdt1059-p3rdt1064),7.0,0.102454
515,615,747,padswitch(r:p3rdt1059-p3rdt1064)p3r_822,7.6,0.001
516,616,617,l(r:p3rdt1064-p3rdt1087),23.8,0.0534317
517,617,746,padswitch(r:p3rdt1064-p3rdt1087)p3r_824,14.3,0.001
518,618,619,l(r:p3rdt1085-p3rdt1087),20.3,0.7040790000000001
519,619,616,padswitch(r:p3rdt1064-p3rdt1087)p3r_823,45.0,0.001
520,619,487,Transformer.tr(r:p3rdt1087-p3rdt1087lv),45.0,0.0
521,620,621,l(r:p3rdt1053-p3rdt1058),14.1,0.0173386
522,620,415,Transformer.tr(r:p3rdt1058-p3rdt1058lv),14.1,0.0
523,621,400,Transformer.tr(r:p3rdt1053-p3rdt1053lv),14.0,0.0
524,622,620,l(r:p3rdt1056-p3rdt1058),8.4,0.0520008
525,622,410,Transformer.tr(r:p3rdt1056-p3rdt1056lv),0.0,0.0
526,623,622,l(r:p3rdt1056-p3rdt1065),0.0,0.150455
527,623,428,Transformer.tr(r:p3rdt1065-p3rdt1065lv),0.0,0.0
528,624,623,l(r:p3rdt1052-p3rdt1065),1.5,0.125892
529,625,626,l(r:p3rdt0-p3rdt1)_s0,0.0,0.157774
530,625,1,Transformer.tr(r:p3rdt0-p3rdt0lv),0.0,0.0
531,626,627,l(r:p3rdt0-p3rdt1)_s1,0.0,0.00174706
532,627,729,l(r:p3rdt1-p3rdt153),0.0,0.715973
533,627,503,fuse(r:p3rdt1-p3rdt2)p3r_957,0.0,0.001
534,627,3,Transformer.tr(r:p3rdt1-p3rdt1lv),0.0,0.0
535,628,629,l(r:p3rdt0-p3rdt171),0.0,0.07949170000000001
536,628,633,l(r:p3rdt158-p3rdt171),0.4,0.750279
537,628,294,Transformer.tr(r:p3rdt171-p3rdt171lv),0.0,0.0
538,629,754,l(r:p3rdt0-p3rdt171)_disconnect,0.0,0.001
539,630,631,l(r:p3rdt156-p3rdt159),0.0,0.0794102
540,630,240,Transformer.tr(r:p3rdt156-p3rdt156lv),0.0,0.0
541,631,511,fuse(r:p3rdt157-p3rdt159)p3r_986,0.0,0.001
542,631,731,Transformer.tr(r:p3rdt159-p3rdt159lv),0.0,0.0
543,632,630,l(r:p3rdt155-p3rdt156),0.0,0.0761102
544,632,237,Transformer.tr(r:p3rdt155-p3rdt155lv),0.0,0.0
545,633,634,l(r:p3rdt155-p3rdt158)_s0,0.0,0.0723002
546,633,248,Transformer.tr(r:p3rdt158-p3rdt158lv),0.0,0.0
547,634,632,l(r:p3rdt155-p3rdt158)_s1,0.0,0.051985100000000006
548,635,636,l(r:p3rdt1001-p3rdt171)_s0,3.4,2.55082
549,635,698,goab_disswitch(r:p3rdt1001-p3rdt988)p3r_1298,0.0,0.001
550,635,389,Transformer.tr(r:p3rdt1001-p3rdt1001lv),0.0,0.0
551,636,637,l(r:p3rdt1001-p3rdt171)_s1,2.4,0.851965
552,637,628,l(r:p3rdt1001-p3rdt171)_s2,1.6,0.192738
553,638,639,l(r:p3rdt74-p3rdt80),0.0,0.0783417
554,638,111,Transformer.tr(r:p3rdt74-p3rdt74lv),0.0,0.0
555,639,532,fuse(r:p3rdt65-p3rdt80)p3r_974,0.0,0.001
556,639,541,fuse(r:p3rdt68-p3rdt80)p3r_975,0.0,0.001
557,639,132,Transformer.tr(r:p3rdt80-p3rdt80lv),0.0,0.0
558,640,638,l(r:p3rdt74-p3rdt77),0.0,0.0195877
559,640,122,Transformer.tr(r:p3rdt77-p3rdt77lv),0.0,0.0
560,641,640,l(r:p3rdt69-p3rdt77),0.0,0.0979198
561,641,531,fuse(r:p3rdt12-p3rdt69)p3r_971,0.0,0.001
562,641,84,Transformer.tr(r:p3rdt69-p3rdt69lv),0.0,0.0
563,642,641,l(r:p3rdt69-p3rdt71),0.0,0.134885
564,642,542,fuse(r:p3rdt71-p3rdt82)p3r_972,0.0,0.001
565,642,548,fuse(r:p3rdt71-p3rdt84)p3r_973,0.0,0.001
566,642,96,Transformer.tr(r:p3rdt71-p3rdt71lv),0.0,0.0
567,643,644,l(r:p3rdt11-p3rdt71)_s0,0.0,0.17355
568,643,33,Transformer.tr(r:p3rdt11-p3rdt11lv),0.0,0.0
569,644,642,l(r:p3rdt11-p3rdt71)_s1,0.0,0.228864
570,645,646,l(r:p3rdt11-p3rdt6)_s0,0.0,0.118044
571,645,647,l(r:p3rdt6-p3rdt67),0.0,0.7717910000000001
572,645,527,fuse(r:p3rdt10-p3rdt6)p3r_960,0.0,0.001
573,645,26,Transformer.tr(r:p3rdt6-p3rdt6lv),0.0,0.0
574,646,643,l(r:p3rdt11-p3rdt6)_s1,0.0,0.0118444
575,647,562,fuse(r:p3rdt67-p3rdt81)p3r_969,0.0,0.001
576,647,574,fuse(r:p3rdt133-p3rdt67)p3r_970,0.0,0.001
577,647,76,Transformer.tr(r:p3rdt67-p3rdt67lv),0.0,0.0
578,648,649,l(r:p3rdt107-p3rdt6),0.0,0.0976139
579,648,577,fuse(r:p3rdt107-p3rdt16)p3r_980,0.0,0.001
580,648,675,goab_disswitch(r:p3rdt104-p3rdt107)p3r_1332,0.0,0.001
581,648,158,Transformer.tr(r:p3rdt107-p3rdt107lv),0.0,0.0
582,649,755,l(r:p3rdt107-p3rdt6)_disconnect,0.0,0.001
583,650,651,l(r:p3rdt1446-p3rdt1454),0.0,0.0752059
584,650,493,Transformer.tr(r:p3rdt1454-p3rdt1454lv),0.0,0.0
585,651,737,Transformer.tr(r:p3rdt1446-p3rdt1446lv),0.0,0.0
586,652,650,l(r:p3rdt1452-p3rdt1454),0.0,0.0491747
587,652,580,fuse(r:p3rdt1447-p3rdt1452)p3r_1246,0.0,0.001
588,652,491,Transformer.tr(r:p3rdt1452-p3rdt1452lv),0.0,0.0
589,653,654,l(r:p3rdt1452-p3rdt167)_s0,0.0,0.181603
590,654,655,l(r:p3rdt1452-p3rdt167)_s1,0.0,0.45012
591,655,652,padswitch(r:p3rdt1452-p3rdt167)p3r_816,0.0,0.001
592,656,657,l(r:p3rdt165-p3rdt167),0.0,0.0391047
593,657,748,padswitch(r:p3rdt165-p3rdt167)p3r_818,0.0,0.001
594,658,659,l(r:p3rdt165-p3rdt170),0.0,0.0395887
595,659,749,padswitch(r:p3rdt165-p3rdt170)p3r_820,0.0,0.001
596,660,661,l(r:p3rdt169-p3rdt170),0.0,0.411362
597,660,288,Transformer.tr(r:p3rdt169-p3rdt169lv),0.0,0.0
598,661,658,padswitch(r:p3rdt165-p3rdt170)p3r_819,0.0,0.001
599,661,290,Transformer.tr(r:p3rdt170-p3rdt170lv),0.0,0.0
600,662,660,l(r:p3rdt166-p3rdt169),0.0,0.01844
601,662,278,Transformer.tr(r:p3rdt166-p3rdt166lv),0.0,0.0
602,663,662,l(r:p3rdt161-p3rdt166),0.0,0.178335
603,663,578,fuse(r:p3rdt161-p3rdt163)p3r_987,0.0,0.001
604,663,255,Transformer.tr(r:p3rdt161-p3rdt161lv),0.0,0.0
605,664,663,l(r:p3rdt161-p3rdt162),0.4,0.2664190000000001
606,664,582,fuse(r:p3rdt162-p3rdt168)p3r_988,4.0,0.001
607,664,260,Transformer.tr(r:p3rdt162-p3rdt162lv),4.0,0.0
608,665,664,l(r:p3rdt162-p3rdt164),0.8,0.108376
609,665,273,Transformer.tr(r:p3rdt164-p3rdt164lv),0.0,0.0
610,666,665,l(r:p3rdt164-p3rdt37),0.0,0.172754
611,666,52,Transformer.tr(r:p3rdt37-p3rdt37lv),0.0,0.0
612,667,666,l(r:p3rdt37-p3rdt39),0.0,0.0343949
613,667,58,Transformer.tr(r:p3rdt39-p3rdt39lv),0.0,0.0
614,668,667,l(r:p3rdt35-p3rdt39),0.0,0.0171925
615,668,39,Transformer.tr(r:p3rdt35-p3rdt35lv),0.0,0.0
616,669,668,l(r:p3rdt35-p3rdt36),0.0,0.0824659
617,669,50,Transformer.tr(r:p3rdt36-p3rdt36lv),0.0,0.0
618,670,671,l(r:p3rdt36-p3rdt38)_s0,0.0,0.139268
619,670,56,Transformer.tr(r:p3rdt38-p3rdt38lv),0.0,0.0
620,671,669,l(r:p3rdt36-p3rdt38)_s1,0.0,0.020678700000000005
621,672,670,l(r:p3rdt128-p3rdt38),1.3,0.697846
622,672,202,Transformer.tr(r:p3rdt128-p3rdt128lv),0.0,0.0
623,673,674,l(r:p3rdt104-p3rdt128)_s0,0.0,0.141815
624,673,147,Transformer.tr(r:p3rdt104-p3rdt104lv),0.0,0.0
625,674,672,l(r:p3rdt104-p3rdt128)_s1,1.3,2.1468
626,675,673,l(r:p3rdt104-p3rdt107),0.0,0.405027
627,676,648,l(r:p3rdt105-p3rdt107),0.0,0.116688
628,677,678,l(r:p3rdt105-p3rdt108),0.0,0.161111
629,677,160,Transformer.tr(r:p3rdt108-p3rdt108lv),0.0,0.0
630,678,525,fuse(r:p3rdt105-p3rdt106)p3r_979,0.0,0.001
631,678,676,goab_disswitch(r:p3rdt105-p3rdt107)p3r_1315,0.0,0.001
632,678,149,Transformer.tr(r:p3rdt105-p3rdt105lv),0.0,0.0
633,679,677,l(r:p3rdt108-p3rdt111),0.0,0.0981932
634,679,174,Transformer.tr(r:p3rdt111-p3rdt111lv),0.0,0.0
635,680,681,l(r:p3rdt111-p3rdt115)_s0,0.0,0.251013
636,680,742,l(r:p3rdt113-p3rdt115),0.0,0.063236
637,680,520,fuse(r:p3rdt109-p3rdt115)p3r_981,0.0,0.001
638,680,522,fuse(r:p3rdt110-p3rdt115)p3r_982,0.0,0.001
639,680,185,Transformer.tr(r:p3rdt115-p3rdt115lv),0.0,0.0
640,681,679,l(r:p3rdt111-p3rdt115)_s1,0.0,0.505101
641,682,680,l(r:p3rdt115-p3rdt440),0.6,0.449941
642,682,584,fuse(r:p3rdt434-p3rdt440)p3r_1055,0.0,0.001
643,682,586,fuse(r:p3rdt435-p3rdt440)p3r_1056,6.2,0.001
644,682,332,Transformer.tr(r:p3rdt440-p3rdt440lv),0.0,0.0
645,683,684,l(r:p3rdt440-p3rdt960)_s0,3.1,0.14989
646,683,593,fuse(r:p3rdt956-p3rdt960)p3r_1163,0.0,0.001
647,683,597,fuse(r:p3rdt957-p3rdt960)p3r_1164,0.0,0.001
648,683,365,Transformer.tr(r:p3rdt960-p3rdt960lv),0.0,0.0
649,684,682,l(r:p3rdt440-p3rdt960)_s1,3.5,0.901745
650,685,683,l(r:p3rdt960-p3rdt966),4.8,0.0962247
651,685,375,Transformer.tr(r:p3rdt966-p3rdt966lv),6.0,0.0
652,686,685,l(r:p3rdt959-p3rdt966),8.0,0.479236
653,686,516,fuse(r:p3rdt955-p3rdt959)p3r_1162,6.0,0.001
654,686,693,goab_disswitch(r:p3rdt1074-p3rdt959)p3r_1347,6.0,0.001
655,686,363,Transformer.tr(r:p3rdt959-p3rdt959lv),6.0,0.0
656,687,688,l(r:p3rdt538-p3rdt547),4.7,0.20368
657,687,598,fuse(r:p3rdt438-p3rdt538)p3r_1082,9.0,0.001
658,687,336,Transformer.tr(r:p3rdt538-p3rdt538lv),9.6,0.0
659,688,608,fuse(r:p3rdt541-p3rdt547)p3r_1083,20.0,0.001
660,688,609,fuse(r:p3rdt544-p3rdt547)p3r_1084,20.0,0.001
661,688,351,Transformer.tr(r:p3rdt547-p3rdt547lv),20.0,0.0
662,689,690,l(r:p3rdt538-p3rdt967),6.2,0.08026699999999999
663,689,379,Transformer.tr(r:p3rdt967-p3rdt967lv),0.0,0.0
664,690,756,l(r:p3rdt538-p3rdt967)_disconnect,2.5,0.001
665,691,689,l(r:p3rdt1073-p3rdt967),4.0,0.161809
666,691,445,Transformer.tr(r:p3rdt1073-p3rdt1073lv),0.0,0.0
667,692,691,l(r:p3rdt1073-p3rdt1074),4.5,0.115489
668,692,448,Transformer.tr(r:p3rdt1074-p3rdt1074lv),0.0,0.0
669,693,694,l(r:p3rdt1074-p3rdt959),4.0,0.0840779
670,694,757,l(r:p3rdt1074-p3rdt959)_disconnect,3.2,0.001
671,695,686,l(r:p3rdt959-p3rdt964),6.9,0.0695144
672,695,373,Transformer.tr(r:p3rdt964-p3rdt964lv),7.0,0.0
673,696,697,l(r:p3rdt964-p3rdt988),0.9,0.113856
674,696,384,Transformer.tr(r:p3rdt988-p3rdt988lv),0.0,0.0
675,697,758,l(r:p3rdt964-p3rdt988)_disconnect,2.3,0.001
676,698,699,l(r:p3rdt1001-p3rdt988),2.1,0.09271650000000001
677,699,759,l(r:p3rdt1001-p3rdt988)_disconnect,0.8,0.001
678,700,701,l(r:p3rdt1001-p3rdt313),1.5,0.151864
679,701,760,l(r:p3rdt1001-p3rdt313)_disconnect,2.0,0.001
680,702,703,l(r:p3rdt1084-p3rdt313),3.1,0.08993630000000002
681,703,761,l(r:p3rdt1084-p3rdt313)_disconnect,2.0,0.001
682,704,705,l(r:p3rdt1076-p3rdt1084),9.2,0.143151
683,704,502,fuse(r:p3rdt1076-p3rdt1083)p3r_1179,20.8,0.001
684,704,454,Transformer.tr(r:p3rdt1076-p3rdt1076lv),18.1,0.0
685,705,702,recloser_disswitch(r:p3rdt1084-p3rdt313)p3r_1313,11.5,0.001
686,705,481,Transformer.tr(r:p3rdt1084-p3rdt1084lv),12.0,0.0
687,706,704,l(r:p3rdt1076-p3rdt1086),13.4,0.136962
688,706,613,fuse(r:p3rdt1077-p3rdt1086)p3r_1182,8.0,0.001
689,706,485,Transformer.tr(r:p3rdt1086-p3rdt1086lv),8.0,0.0
690,707,706,l(r:p3rdt1079-p3rdt1086),9.2,0.05864550000000001
691,707,497,fuse(r:p3rdt1079-p3rdt1082)p3r_1180,9.0,0.001
692,707,463,Transformer.tr(r:p3rdt1079-p3rdt1079lv),9.0,0.0
693,708,707,l(r:p3rdt1079-p3rdt1085),2.5,0.0984994
694,708,618,fuse(r:p3rdt1085-p3rdt1087)p3r_1181,1.0,0.001
695,708,483,Transformer.tr(r:p3rdt1085-p3rdt1085lv),10.0,0.0
696,709,708,l(r:p3rdt1080-p3rdt1085),18.3,0.0528026
697,709,467,Transformer.tr(r:p3rdt1080-p3rdt1080lv),23.0,0.0
698,710,709,l(r:p3rdt1063-p3rdt1080),11.7,0.22783100000000003
699,710,424,Transformer.tr(r:p3rdt1063-p3rdt1063lv),8.0,0.0
700,711,710,l(r:p3rdt1055-p3rdt1063),4.0,0.0188273
701,711,404,Transformer.tr(r:p3rdt1055-p3rdt1055lv),0.0,0.0
702,712,711,l(r:p3rdt1055-p3rdt1066),3.6,0.0891742
703,712,430,Transformer.tr(r:p3rdt1066-p3rdt1066lv),7.6,0.0
704,713,712,l(r:p3rdt1060-p3rdt1066),9.4,0.0199732
705,713,718,l(r:p3rdt1057-p3rdt1060),7.5,0.0862018
706,713,420,Transformer.tr(r:p3rdt1060-p3rdt1060lv),10.0,0.0
707,714,713,l(r:p3rdt1052-p3rdt1060),4.0,0.250823
708,714,624,fuse(r:p3rdt1052-p3rdt1065)p3r_1177,7.0,0.001
709,714,397,Transformer.tr(r:p3rdt1052-p3rdt1052lv),7.8,0.0
710,715,762,l(r:p3rdt1052-p3rhs0_1247)_disconnect,25.0,0.001
711,716,717,l(r:p3rdt1057lv-p3rlv1868),2.4,0.0233164
712,718,744,fuse(r:p3rdt1057-p3rdt1062)p3r_1178,8.0,0.001
713,718,716,Transformer.tr(r:p3rdt1057-p3rdt1057lv),8.0,0.0
714,719,720,l(r:p3rdt540lv-p3rlv998),0.0,0.04448690000000001
715,721,722,l(r:p3rdt347-p3rdt540),1.6,0.12520800000000004
716,721,310,Transformer.tr(r:p3rdt347-p3rdt347lv),3.6,0.0
717,722,763,l(r:p3rdt347-p3rdt540)_disconnect,0.0,0.001
718,723,724,l(r:p3rdt314-p3rdt347),1.2,0.0803963
719,723,306,Transformer.tr(r:p3rdt314-p3rdt314lv),0.0,0.0
720,724,765,l(r:p3rdt314-p3rdt347)_disconnect,3.5,0.001
721,725,726,l(r:p3rdt313-p3rdt314),3.8,0.10361900000000002
722,725,700,goab_disswitch(r:p3rdt1001-p3rdt313)p3r_1329,4.0,0.001
723,725,304,Transformer.tr(r:p3rdt313-p3rdt313lv),4.0,0.0
724,726,766,l(r:p3rdt313-p3rdt314)_disconnect,6.6,0.001
725,727,728,l(r:p3rdt176lv-p3rlv323),0.0,0.001
726,729,730,l(r:p3rdt153-p3rdt176),0.0,0.386213
727,729,229,Transformer.tr(r:p3rdt153-p3rdt153lv),0.0,0.0
728,730,510,fuse(r:p3rdt154-p3rdt176)p3r_992,0.0,0.001
729,730,727,Transformer.tr(r:p3rdt176-p3rdt176lv),0.0,0.0
730,731,732,l(r:p3rdt159lv-p3rlv289),0.0,0.001
731,733,734,l(r:p3rdt33lv-p3rlv57),0.0,0.0320999
732,735,736,l(r:p3rdt167-p3rdt33),0.3,0.23973600000000003
733,736,750,padswitch(r:p3rdt167-p3rdt33)p3r_814,0.0,0.001
734,737,738,l(r:p3rdt1446lv-p3rlv2641),0.0,0.016502
735,737,739,l(r:p3rdt1446lv-p3rlv2645),0.0,0.016502
736,740,741,l(r:p3rdt113lv-p3rlv200),0.0,0.001
737,742,740,Transformer.tr(r:p3rdt113-p3rdt113lv),0.0,0.0
738,743,714,l(r:p3rdt1052-p3rdt1054),8.9,0.198406
739,744,495,padswitch(r:p3rdt1057-p3rdt1062)p3r_811,8.9,0.001
740,745,422,Transformer.tr(r:p3rdt1062-p3rdt1062lv),11.0,0.0
741,746,614,padswitch(r:p3rdt1059-p3rdt1064)p3r_821,8.0,0.001
742,746,426,Transformer.tr(r:p3rdt1064-p3rdt1064lv),8.0,0.0
743,747,417,Transformer.tr(r:p3rdt1059-p3rdt1059lv),8.0,0.0
744,748,653,padswitch(r:p3rdt1452-p3rdt167)p3r_815,0.0,0.001
745,748,735,padswitch(r:p3rdt167-p3rdt33)p3r_813,0.0,0.001
746,748,283,Transformer.tr(r:p3rdt167-p3rdt167lv),0.0,0.0
747,749,656,padswitch(r:p3rdt165-p3rdt167)p3r_817,0.0,0.001
748,749,276,Transformer.tr(r:p3rdt165-p3rdt165lv),0.0,0.0
749,750,733,Transformer.tr(r:p3rdt33-p3rdt33lv),0.0,0.0
750,751,592,l(r:p3rdt956-p3rdt960)_cont,3.1,0.814104
751,752,753,l(r:p3rdt1077-p3rdt494)_cont,18.6,1.04805
752,753,334,Transformer.tr(r:p3rdt494-p3rdt494lv),23.0,0.0
753,754,625,l(r:p3rdt0-p3rdt171)_cont,0.0,0.7244253
754,755,645,l(r:p3rdt107-p3rdt6)_cont,0.0,0.8875251000000001
755,756,687,l(r:p3rdt538-p3rdt967)_cont,8.1,0.731403
756,757,692,l(r:p3rdt1074-p3rdt959)_cont,3.9,0.7657011
757,758,695,l(r:p3rdt964-p3rdt988)_cont,5.8,1.033704
758,759,696,l(r:p3rdt1001-p3rdt988)_cont,1.8,0.8434485
759,760,635,l(r:p3rdt1001-p3rdt313)_cont,2.9,1.375776
760,761,725,l(r:p3rdt1084-p3rdt313)_cont,4.4,0.8184267000000001
761,762,714,l(r:p3rdt1052-p3rhs0_1247)_cont,6.3,8.422245
762,763,764,l(r:p3rdt347-p3rdt540)_cont,3.6,1.135872
763,764,719,Transformer.tr(r:p3rdt540-p3rdt540lv),2.4,0.0
764,765,721,l(r:p3rdt314-p3rdt347)_cont,3.6,0.7325667
765,766,723,l(r:p3rdt313-p3rdt314)_cont,2.9,0.941571
