,name,coords,elevation,vegetation
0,p3rdt1052-p3rhs0_1247x,"(-121.83008106515783, 37.82193514814578)",457.1136779785156,4.0
1,p3rdt0lv,"(-121.75182361563083, 37.75826085263486)",215.70339965820312,0.0
2,p3rlv1,"(-121.75171639676097, 37.756639098570766)",208.11582946777344,0.0
3,p3rdt1lv,"(-121.75216710294697, 37.75585356904483)",206.07435607910156,0.0
4,p3rdt1lv-p3rlv2x,"(-121.75211517793613, 37.75582915080872)",205.7941131591797,0.0
5,p3rlv2,"(-121.75183529176881, 37.75587710853132)",205.80686950683594,0.0
6,p3rlv7,"(-121.75241563683048, 37.755793126780674)",206.16725158691406,0.0
7,p3rdt2lv,"(-121.75298968344377, 37.75585044634894)",206.5074920654297,0.0
8,p3rlv3,"(-121.75316531742187, 37.75576501038746)",206.96546936035156,0.0
9,p3rlv4,"(-121.75331316504268, 37.75574854915757)",207.58494567871094,0.0
10,p3rlv5,"(-121.75271284546278, 37.75567009468505)",206.0488739013672,0.0
11,p3rlv6,"(-121.7529511872951, 37.75567261718589)",206.3441619873047,0.0
12,p3rlv8,"(-121.75282331828208, 37.75652747375437)",208.61349487304688,0.0
13,p3rdt3lv,"(-121.76343273866286, 37.74449301789823)",172.2086181640625,0.0
14,p3rlv9,"(-121.76287584680912, 37.74456536341215)",172.04124450683594,0.0
15,p3rlv25,"(-121.76236428830858, 37.74461406890718)",171.79798889160156,0.0
16,p3rlv145,"(-121.76277804193472, 37.7445401313448)",172.1756591796875,0.0
17,p3rdm10,"(-121.76335665983105, 37.74431805233423)",171.6922149658203,0.0
18,p3rlv140,"(-121.76259634917497, 37.74431007183553)",171.5435028076172,0.0
19,p3rlv141,"(-121.76227785707647, 37.74435179116925)",171.36520385742188,0.0
20,p3rlv153,"(-121.761926521876, 37.74432106253821)",171.26206970214844,0.0
21,p3rdt4lv,"(-121.76754421221143, 37.75301133362253)",183.59521484375,0.0
22,p3rlv10,"(-121.76752359702616, 37.75312210397572)",183.99961853027344,0.0
23,p3rlv12,"(-121.76780822593247, 37.7530710039365)",183.6971435546875,0.0
24,p3rlv14,"(-121.767297658003, 37.75305665149274)",184.1573028564453,0.0
25,p3rlv271,"(-121.76779254222568, 37.753332209752216)",184.37429809570312,0.0
26,p3rdt6lv,"(-121.76994882138217, 37.7459553589963)",177.83554077148438,0.0
27,p3rlv13,"(-121.76872184717703, 37.74588837229878)",176.79281616210938,0.0
28,p3rdm20,"(-121.76989788205924, 37.746153010745154)",178.19703674316406,0.0
29,p3rlv17,"(-121.76893328269689, 37.74614293851166)",177.33340454101562,0.0
30,p3rlv28,"(-121.7686728708144, 37.74610416691515)",177.18402099609375,0.0
31,p3rdt10lv,"(-121.76870896618014, 37.74650499475417)",177.3296661376953,0.0
32,p3rlv19,"(-121.7687590056043, 37.74651963856283)",177.3296661376953,0.0
33,p3rdt11lv,"(-121.76842406671874, 37.745889149934634)",176.95973205566406,0.0
34,p3rlv20,"(-121.76838221042232, 37.74586292388791)",176.95973205566406,0.0
35,p3rdt12lv,"(-121.76327457778301, 37.74450339415364)",171.81549072265625,0.0
36,p3rlv21,"(-121.763713647046, 37.74469132092038)",172.8782501220703,0.0
37,p3rdt16lv,"(-121.7675374972189, 37.75273186807372)",182.76055908203125,0.0
38,p3rlv27,"(-121.76730378837185, 37.75268719278431)",183.257080078125,0.0
39,p3rdt35lv,"(-121.79090324721336, 37.72800849155845)",199.52476501464844,0.0
40,p3rlv63,"(-121.79084761224408, 37.72818199715984)",201.64471435546875,0.0
41,p3rlv65,"(-121.7908968042994, 37.72794816875927)",199.44041442871094,0.0
42,p3rlv68,"(-121.79061908853718, 37.728278793555106)",203.4327850341797,0.0
43,p3rdm70,"(-121.79058030171, 37.72787281922)",197.18521118164062,0.0
44,p3rlv70,"(-121.79060445839478, 37.727782938993755)",197.20492553710938,0.0
45,p3rdm72,"(-121.7910758423505, 37.728103222921426)",200.62757873535156,0.0
46,p3rlv73,"(-121.79091583223021, 37.7281736841546)",201.64471435546875,0.0
47,p3rlv74,"(-121.79115540780651, 37.72809502613959)",201.1662139892578,0.0
48,p3rdm71,"(-121.7914912345935, 37.72837786686941)",204.707763671875,0.0
49,p3rlv71,"(-121.79172107538652, 37.72819996700017)",203.6558074951172,0.0
50,p3rdt36lv,"(-121.79162189405089, 37.72847551437501)",205.47262573242188,0.0
51,p3rlv64,"(-121.79159173416814, 37.72847803812965)",205.47262573242188,0.0
52,p3rdt37lv,"(-121.79040785433723, 37.72776907584361)",196.4091033935547,0.0
53,p3rlv66,"(-121.789995667733, 37.7282363442092)",202.07826232910156,8.0
54,p3rdm76,"(-121.79024242820994, 37.72771613422256)",196.01344299316406,0.0
55,p3rlv69,"(-121.79025230766275, 37.7278063637021)",196.00897216796875,0.0
56,p3rdt38lv,"(-121.7918832597003, 37.72992696487548)",223.1807403564453,0.0
57,p3rlv67,"(-121.79193329288826, 37.72994159877032)",223.1807403564453,0.0
58,p3rdt39lv,"(-121.79075289611254, 37.727967551045566)",199.06784057617188,0.0
59,p3rlv72,"(-121.79044055652699, 37.728333871429506)",203.34075927734375,0.0
60,p3rdt40lv,"(-121.77778963660559, 37.73259594879827)",172.00506591796875,0.0
61,p3rlv75,"(-121.77775360983655, 37.732264934894005)",171.5262451171875,0.0
62,p3rlv76,"(-121.777415828749, 37.732793186316236)",171.56118774414062,0.0
63,p3rlv77,"(-121.77819124876676, 37.73280405994123)",171.82435607910156,0.0
64,p3rdt42lv,"(-121.7732108066663, 37.736369799873614)",170.73428344726562,0.0
65,p3rlv79,"(-121.77316791383225, 37.73576832997601)",170.31991577148438,0.0
66,p3rlv273,"(-121.77314809005897, 37.736281852184575)",170.60655212402344,0.0
67,p3rlv274,"(-121.77315151067475, 37.73607459381653)",170.48121643066406,0.0
68,p3rdt65lv,"(-121.76215309065904, 37.74146127324092)",169.65304565429688,0.0
69,p3rlv112,"(-121.76220312534478, 37.741475919763424)",169.65304565429688,0.0
70,p3rdt66lv,"(-121.76327304053419, 37.74024057256283)",168.95054626464844,0.0
71,p3rlv113,"(-121.76223236540889, 37.74026853167941)",168.756591796875,0.0
72,p3rdm120,"(-121.76323746413215, 37.740486421945064)",169.08499145507812,0.0
73,p3rlv151,"(-121.76249125280124, 37.74039742903661)",168.9104461669922,0.0
74,p3rdm121,"(-121.76326826865713, 37.740081125617685)",168.81204223632812,0.0
75,p3rlv158,"(-121.76267806042027, 37.740083943560464)",168.8040008544922,0.0
76,p3rdt67lv,"(-121.76988403001198, 37.73903212975346)",171.173828125,0.0
77,p3rlv114,"(-121.76883247274785, 37.7389739015427)",170.3789520263672,0.0
78,p3rlv124,"(-121.76876662463447, 37.739075187113535)",170.547119140625,0.0
79,p3rlv142,"(-121.76930098496535, 37.73901767880299)",170.64906311035156,0.0
80,p3rdt68lv,"(-121.76329669258168, 37.74133703135073)",169.7052764892578,0.0
81,p3rlv128,"(-121.76276008523259, 37.741292515312146)",169.72943115234375,0.0
82,p3rdm125,"(-121.76330146452526, 37.74149647826395)",169.780029296875,0.0
83,p3rlv115,"(-121.76275693502208, 37.74148175030572)",169.77264404296875,0.0
84,p3rdt69lv,"(-121.76329194346067, 37.743455944148536)",171.09487915039062,0.0
85,p3rlv116,"(-121.76253071853652, 37.743480208700625)",170.85633850097656,0.0
86,p3rlv152,"(-121.76311140568437, 37.7433691386165)",171.32952880859375,0.0
87,p3rdm128,"(-121.76333431254245, 37.743614822426956)",171.3115997314453,0.0
88,p3rlv120,"(-121.76232510764304, 37.74355916444548)",170.8644256591797,0.0
89,p3rdm129,"(-121.76332881286791, 37.74326326698144)",170.97471618652344,0.0
90,p3rlv147,"(-121.76268094037381, 37.743319556229636)",170.8434295654297,0.0
91,p3rdt70lv,"(-121.76329119295333, 37.74098547577654)",169.45693969726562,0.0
92,p3rlv117,"(-121.76250404503064, 37.74099240589596)",169.56369018554688,0.0
93,p3rlv129,"(-121.76384393926458, 37.74095239065498)",170.06434631347656,0.0
94,p3rdm133,"(-121.76329046524758, 37.74079336711354)",169.2695770263672,0.0
95,p3rlv155,"(-121.76385753478864, 37.74081734175372)",169.7585906982422,0.0
96,p3rdt71lv,"(-121.7645482256858, 37.74391531385213)",171.98252868652344,0.0
97,p3rlv118,"(-121.76461717844072, 37.74427719581548)",172.45933532714844,0.0
98,p3rlv123,"(-121.76454909091207, 37.74427648207261)",172.45933532714844,0.0
99,p3rlv143,"(-121.76424299675409, 37.7442552473615)",172.35452270507812,0.0
100,p3rlv146,"(-121.76458386550729, 37.74446894755211)",172.6031036376953,0.0
101,p3rlv149,"(-121.76475709807903, 37.74405334336558)",172.1741180419922,0.0
102,p3rdm136,"(-121.76451133965686, 37.74381643542776)",171.98992919921875,0.0
103,p3rlv130,"(-121.76453523381963, 37.74374458381087)",172.00770568847656,0.0
104,p3rdt72lv,"(-121.7644924454876, 37.739727274574804)",169.2744903564453,0.0
105,p3rlv119,"(-121.76412291058514, 37.73987378426068)",169.16734313964844,0.0
106,p3rlv136,"(-121.76484347774277, 37.739538852853045)",169.15313720703125,0.0
107,p3rdt73lv,"(-121.76324819344251, 37.739005562616676)",168.09451293945312,0.0
108,p3rlv121,"(-121.76256004619522, 37.73899215966127)",168.05538940429688,0.0
109,p3rdm143,"(-121.76330396523878, 37.74202825763311)",170.1497802734375,0.0
110,p3rlv122,"(-121.76280437209014, 37.74204103968525)",170.27581787109375,0.0
111,p3rdt74lv,"(-121.76332249644096, 37.742353233130785)",170.35198974609375,0.0
112,p3rdm144,"(-121.76328180829427, 37.74259587432985)",170.59103393554688,0.0
113,p3rlv138,"(-121.76386310053117, 37.74252982557469)",170.98548889160156,0.0
114,p3rdm145,"(-121.76332631218138, 37.74273148771806)",170.62709045410156,0.0
115,p3rlv150,"(-121.76358775859205, 37.74270719255894)",170.96621704101562,0.0
116,p3rdt75lv,"(-121.76438464590876, 37.74165517288839)",170.6011962890625,0.0
117,p3rlv125,"(-121.7644378989582, 37.74165667068535)",170.6011962890625,0.0
118,p3rdt76lv,"(-121.76481043342747, 37.74060819307245)",170.14646911621094,0.0
119,p3rlv126,"(-121.76506634758923, 37.740469503538264)",169.97799682617188,0.0
120,p3rlv132,"(-121.76451598311965, 37.74080622055447)",170.2610321044922,0.0
121,p3rlv137,"(-121.7648596994298, 37.74061154233045)",170.18458557128906,0.0
122,p3rdt77lv,"(-121.76332685960281, 37.742562723380004)",170.48631286621094,0.0
123,p3rlv133,"(-121.76269369267078, 37.74255360528761)",170.6219940185547,0.0
124,p3rdm150,"(-121.76328465739131, 37.742424661715376)",170.42527770996094,0.0
125,p3rlv127,"(-121.76299113140632, 37.74241252338588)",170.5703582763672,0.0
126,p3rdm152,"(-121.76332331319907, 37.74291171151605)",170.7796630859375,0.0
127,p3rlv156,"(-121.76309560917264, 37.74295438574648)",171.10362243652344,0.0
128,p3rdt78lv,"(-121.76142573811175, 37.73782944325681)",166.98968505859375,0.0
129,p3rlv131,"(-121.76133462483926, 37.738294316748316)",167.17930603027344,0.0
130,p3rdt79lv,"(-121.76326754095432, 37.73988901692688)",168.68006896972656,0.0
131,p3rlv134,"(-121.76365572488992, 37.73998605030505)",169.28680419921875,0.0
132,p3rdt80lv,"(-121.76334325261038, 37.74170426902499)",169.98138427734375,0.0
133,p3rlv135,"(-121.76368473099772, 37.741653716400705)",170.3648681640625,0.0
134,p3rdt81lv,"(-121.77096204170758, 37.735787579213735)",169.1998291015625,0.0
135,p3rlv139,"(-121.7708841077609, 37.73593380393127)",169.44749450683594,0.0
136,p3rlv235,"(-121.77076167850703, 37.735788322639664)",169.11253356933594,0.0
137,p3rlv241,"(-121.7712052406806, 37.73572985847031)",169.2537841796875,0.0
138,p3rlv245,"(-121.77123779109688, 37.73582032563184)",169.46990966796875,0.0
139,p3rdt82lv,"(-121.76498393088008, 37.742537682784416)",171.4507293701172,0.0
140,p3rlv144,"(-121.76503447316429, 37.742524177749786)",171.4646453857422,0.0
141,p3rdt83lv,"(-121.76327530218786, 37.74041499333606)",169.0438232421875,0.0
142,p3rlv148,"(-121.76371661388728, 37.74041930186781)",169.85789489746094,0.0
143,p3rdt84lv,"(-121.76519939618544, 37.74254772311408)",171.60775756835938,0.0
144,p3rlv154,"(-121.76524943223323, 37.742562368363856)",171.60775756835938,0.0
145,p3rdt85lv,"(-121.76325369298198, 37.739357118302344)",168.34799194335938,0.0
146,p3rlv157,"(-121.76264079617226, 37.7393596980137)",168.362060546875,0.0
147,p3rdt104lv,"(-121.77771024869448, 37.75239284780638)",190.0584716796875,0.0
148,p3rlv185,"(-121.77768115217937, 37.75254293002141)",190.63424682617188,0.0
149,p3rdt105lv,"(-121.77375211687306, 37.75290703676511)",193.37896728515625,0.0
150,p3rlv186,"(-121.77336234575222, 37.75286757789765)",192.52749633789062,0.0
151,p3rdt106lv,"(-121.77468276629058, 37.75309478802613)",193.2264404296875,0.0
152,p3rlv190,"(-121.77456046366802, 37.753177464038096)",193.764892578125,0.0
153,p3rdm193,"(-121.77472951454796, 37.75325132391734)",193.4434356689453,0.0
154,p3rlv187,"(-121.77469353439368, 37.75336811566101)",194.2211151123047,0.0
155,p3rlv188,"(-121.77478596399403, 37.75326993634914)",193.4434356689453,0.0
156,p3rdm196,"(-121.77463197817607, 37.752970914251485)",192.94869995117188,0.0
157,p3rlv192,"(-121.77451549957274, 37.75291279353764)",193.18370056152344,0.0
158,p3rdt107lv,"(-121.77313302333376, 37.752335756138)",191.0200958251953,0.0
159,p3rlv189,"(-121.77315656235263, 37.75271839866734)",192.03857421875,0.0
160,p3rdt108lv,"(-121.77408506642088, 37.75423319183625)",197.34226989746094,0.0
161,p3rlv199,"(-121.77417002606488, 37.75413776825907)",197.05593872070312,0.0
162,p3rlv202,"(-121.7739851627935, 37.754334125743846)",197.87974548339844,0.0
163,p3rdm198,"(-121.77383024010278, 37.75340419996177)",194.25408935546875,0.0
164,p3rlv191,"(-121.77403363625378, 37.75346039268232)",194.85617065429688,0.0
165,p3rdm201,"(-121.77426637261432, 37.754490267922506)",198.14100646972656,0.0
166,p3rlv208,"(-121.77466449776348, 37.754440331805775)",196.94158935546875,0.0
167,p3rdt109lv,"(-121.77900705162888, 37.75821088031452)",200.25389099121094,0.0
168,p3rlv194,"(-121.7785565203996, 37.758223864065734)",200.7443084716797,0.0
169,p3rlv201,"(-121.7783142900955, 37.758218520066336)",200.79969787597656,0.0
170,p3rdm202,"(-121.77905589855352, 37.75799187471838)",199.69053649902344,0.0
171,p3rlv193,"(-121.77820493935805, 37.75796502922138)",200.52239990234375,0.0
172,p3rdt110lv,"(-121.77760702076245, 37.76277605902888)",223.7683563232422,0.0
173,p3rlv195,"(-121.77728618768752, 37.762056300992846)",222.58993530273438,0.0
174,p3rdt111lv,"(-121.7744572719633, 37.75506623681445)",199.5530548095703,0.0
175,p3rlv196,"(-121.7747227852542, 37.755035779744645)",198.6951141357422,0.0
176,p3rdt112lv,"(-121.78051360226767, 37.76071362826571)",207.49143981933594,0.0
177,p3rlv197,"(-121.7800061575311, 37.76095789971503)",206.6064453125,0.0
178,p3rlv198,"(-121.78089785978932, 37.76057958011334)",208.4877471923828,0.0
179,p3rdt114lv,"(-121.78034763620414, 37.76045054075685)",206.81959533691406,0.0
180,p3rlv203,"(-121.78092647711637, 37.760219366071986)",208.06716918945312,0.0
181,p3rdm211,"(-121.78023247333782, 37.76031132450297)",206.5223846435547,0.0
182,p3rlv204,"(-121.78062105125073, 37.760153116631095)",206.92257690429688,0.0
183,p3rdm212,"(-121.78012089304531, 37.76019300366224)",206.10638427734375,0.0
184,p3rlv206,"(-121.78125434402912, 37.75960989030864)",212.14076232910156,0.0
185,p3rdt115lv,"(-121.77675580302136, 37.76162436419585)",219.15145874023438,0.0
186,p3rlv205,"(-121.7766690245651, 37.76161728350032)",219.15145874023438,0.0
187,p3rlv207,"(-121.77684974405985, 37.761673236029964)",219.14524841308594,0.0
188,p3rdt117lv,"(-121.78013331144096, 37.72302726261315)",161.4073028564453,0.0
189,p3rlv211,"(-121.77994851059205, 37.72298646582945)",161.7946014404297,0.0
190,p3rdt118lv,"(-121.78022130639735, 37.72341005799743)",161.60694885253906,0.0
191,p3rlv212,"(-121.78020234527136, 37.72342170754144)",161.60694885253906,0.0
192,p3rdt119lv,"(-121.78090889017602, 37.722782927740035)",161.7550811767578,0.0
193,p3rlv214,"(-121.78090516161042, 37.72277104342005)",161.63705444335938,0.0
194,p3rdm219,"(-121.7807554644552, 37.7229046872392)",161.74102783203125,0.0
195,p3rlv213,"(-121.78072024839405, 37.72297642543559)",161.61187744140625,0.0
196,p3rdm221,"(-121.78131741036287, 37.722540973244506)",162.12625122070312,0.0
197,p3rlv217,"(-121.78126127765151, 37.722504341659494)",162.0885467529297,0.0
198,p3rdt120lv,"(-121.78009141350003, 37.722336189769415)",160.9066925048828,0.0
199,p3rlv215,"(-121.78001528597807, 37.72237428607707)",160.9066925048828,0.0
200,p3rdt121lv,"(-121.7800837274269, 37.72280477620496)",161.221923828125,0.0
201,p3rlv216,"(-121.77992729942207, 37.722896118218536)",161.22801208496094,0.0
202,p3rdt128lv,"(-121.7932456785664, 37.736098956596244)",231.42013549804688,0.0
203,p3rlv230,"(-121.79332136795306, 37.73611441022724)",230.55307006835938,0.0
204,p3rlv231,"(-121.79302115699069, 37.736189618505115)",228.96514892578125,0.0
205,p3rlv232,"(-121.79339750315404, 37.73607630553625)",232.0576934814453,0.0
206,p3rdt129lv,"(-121.76996023614186, 37.72890603974818)",164.8648223876953,0.0
207,p3rlv233,"(-121.76981961646528, 37.72893779041818)",164.91632080078125,0.0
208,p3rdt130lv,"(-121.76853395223823, 37.73439825425345)",167.48179626464844,0.0
209,p3rlv234,"(-121.7685872002279, 37.73439975008752)",167.48179626464844,0.0
210,p3rdm241,"(-121.76994141036857, 37.73460810338044)",167.9185791015625,0.0
211,p3rlv236,"(-121.76918164471418, 37.734573133413804)",167.51504516601562,0.0
212,p3rdt131lv,"(-121.76994081417871, 37.734406983029864)",167.84910583496094,0.0
213,p3rdm242,"(-121.76994737443015, 37.734247654370996)",167.7880096435547,0.0
214,p3rlv244,"(-121.76886857006171, 37.734290467433446)",167.26068115234375,0.0
215,p3rdt132lv,"(-121.76995366006743, 37.72814323087654)",164.31802368164062,0.0
216,p3rlv237,"(-121.76885270101478, 37.728158774892904)",164.0176544189453,0.0
217,p3rdt133lv,"(-121.77190144394551, 37.73641590632067)",170.3328399658203,0.0
218,p3rlv238,"(-121.77185604544931, 37.73594110280105)",169.7347869873047,0.0
219,p3rdt134lv,"(-121.76854696178802, 37.72859386081531)",164.27725219726562,0.0
220,p3rlv239,"(-121.76836573631118, 37.728336776273835)",164.03916931152344,0.0
221,p3rlv243,"(-121.76873446779818, 37.728683114599754)",164.44642639160156,0.0
222,p3rlv246,"(-121.76852980001553, 37.728708014820704)",164.33168029785156,0.0
223,p3rdt135lv,"(-121.7708924541414, 37.73566634050978)",169.04623413085938,0.0
224,p3rlv240,"(-121.77178883285367, 37.73543851961627)",169.36001586914062,0.0
225,p3rdt136lv,"(-121.76995606151154, 37.72868402334372)",164.66668701171875,0.0
226,p3rlv242,"(-121.76891629514567, 37.72866698825659)",164.3463897705078,0.0
227,p3rdt152lv,"(-121.77276813464798, 37.736374204155865)",170.5614471435547,0.0
228,p3rlv275,"(-121.77272527681771, 37.736220540614035)",170.5325469970703,0.0
229,p3rdt153lv,"(-121.75029928056797, 37.74957277109831)",188.6952667236328,0.0
230,p3rlv276,"(-121.7503836349413, 37.74904809359406)",187.23800659179688,0.0
231,p3rlv277,"(-121.75076357824604, 37.74940361876931)",188.3476104736328,0.0
232,p3rlv316,"(-121.74988360258199, 37.749991961176526)",189.26239013671875,0.0
233,p3rlv317,"(-121.75017752162873, 37.749830016433464)",189.11679077148438,0.0
234,p3rlv325,"(-121.75029691978614, 37.74947978571009)",188.6708221435547,0.0
235,p3rdt154lv,"(-121.7505953848159, 37.745747780343095)",180.60508728027344,0.0
236,p3rlv278,"(-121.75064593174186, 37.74573428157218)",180.58267211914062,0.0
237,p3rdt155lv,"(-121.7484026607169, 37.758394135418655)",225.90391540527344,0.0
238,p3rlv279,"(-121.74838925603653, 37.758283007382296)",225.49136352539062,0.0
239,p3rlv280,"(-121.74840891917407, 37.75846347078784)",226.29920959472656,0.0
240,p3rdt156lv,"(-121.74817960089351, 37.757692120089374)",223.42449951171875,0.0
241,p3rlv281,"(-121.74834116148988, 37.75776877102844)",222.20777893066406,0.0
242,p3rlv285,"(-121.74802533848958, 37.7576482505075)",223.29637145996094,0.0
243,p3rdt157lv,"(-121.74806755064427, 37.756257905710044)",219.5169677734375,0.0
244,p3rlv282,"(-121.74883963259978, 37.75624808034903)",213.70761108398438,0.0
245,p3rlv284,"(-121.74784078813256, 37.75647463480842)",222.28128051757812,0.0
246,p3rlv286,"(-121.74756730323264, 37.75609602670702)",220.9768829345703,0.0
247,p3rlv287,"(-121.7480482723467, 37.75628757201307)",221.3353729248047,0.0
248,p3rdt158lv,"(-121.7483765334578, 37.75947873201252)",232.9884033203125,0.0
249,p3rlv288,"(-121.74849076112538, 37.7589960909427)",228.18670654296875,0.0
250,p3rdm289,"(-121.74817580344902, 37.75949745811972)",234.59689331054688,6.0
251,p3rlv283,"(-121.7480741075401, 37.75946933953895)",234.97625732421875,6.0
252,p3rdm295,"(-121.78762494697324, 37.723309015483785)",174.0093231201172,0.0
253,p3rlv293,"(-121.7873184899337, 37.723314875918035)",173.1732635498047,0.0
254,p3rlv310,"(-121.78656973201564, 37.72330717044808)",170.8032989501953,0.0
255,p3rdt161lv,"(-121.78766994629056, 37.7234718063122)",174.4312744140625,0.0
256,p3rdm296,"(-121.78761907092552, 37.72366946754066)",175.01129150390625,0.0
257,p3rlv307,"(-121.78691583582321, 37.72365321964128)",172.69163513183594,0.0
258,p3rdm294,"(-121.78762777156906, 37.723831787644436)",175.75372314453125,0.0
259,p3rlv292,"(-121.78717500435096, 37.72376404027041)",173.48699951171875,0.0
260,p3rdt162lv,"(-121.78868842239892, 37.72572635413362)",183.2003173828125,4.0
261,p3rlv313,"(-121.7887432252703, 37.72570890704515)",183.923828125,6.0
262,p3rdm298,"(-121.78835465940189, 37.72518217053324)",181.29571533203125,0.0
263,p3rlv294,"(-121.7882410614873, 37.72519001559262)",181.33151245117188,0.0
264,p3rdm299,"(-121.78904000719325, 37.72629778902983)",186.4364013671875,0.0
265,p3rlv312,"(-121.78923434419076, 37.72620965729261)",186.46966552734375,0.0
266,p3rdt163lv,"(-121.78611822074663, 37.72222716404953)",169.29275512695312,0.0
267,p3rlv295,"(-121.78618665567998, 37.72314099576157)",169.86061096191406,0.0
268,p3rdm302,"(-121.78591759933474, 37.72224595647503)",169.21664428710938,0.0
269,p3rlv299,"(-121.78589492760003, 37.722939709501496)",169.5895233154297,0.0
270,p3rlv304,"(-121.78592203022556, 37.722669604294815)",169.10809326171875,0.0
271,p3rdm303,"(-121.78631466213128, 37.722250045400436)",169.387451171875,0.0
272,p3rlv300,"(-121.7862756811174, 37.72279324574531)",169.5048828125,0.0
273,p3rdt164lv,"(-121.78924340401063, 37.726591121301226)",187.898193359375,0.0
274,p3rlv296,"(-121.78937699147554, 37.72650854517289)",187.6807861328125,0.0
275,p3rlv298,"(-121.78928622895855, 37.72650761294779)",187.42672729492188,0.0
276,p3rdt165lv,"(-121.7930448011753, 37.7207419636207)",166.20367431640625,0.0
277,p3rlv297,"(-121.79292513770312, 37.7204342437366)",162.8584747314453,0.0
278,p3rdt166lv,"(-121.78814891381676, 37.7222480584524)",172.91940307617188,0.0
279,p3rlv301,"(-121.78815102838394, 37.722359066918756)",173.56773376464844,0.0
280,p3rlv305,"(-121.78817336506853, 37.72214015604897)",172.6363067626953,0.0
281,p3rdm310,"(-121.78793694810513, 37.72226673769161)",172.4432373046875,0.0
282,p3rlv306,"(-121.78799704894108, 37.722060060926296)",172.00828552246094,0.0
283,p3rdt167lv,"(-121.79344531283681, 37.720559054042624)",164.96075439453125,0.0
284,p3rlv302,"(-121.79328976682302, 37.72033883593061)",162.47023010253906,0.0
285,p3rdt168lv,"(-121.788950955095, 37.72386058216231)",183.8644561767578,7.0
286,p3rlv303,"(-121.78873869140186, 37.72389728537225)",183.8118896484375,0.0
287,p3rlv311,"(-121.7891703850401, 37.72386566933887)",183.8474884033203,0.0
288,p3rdt169lv,"(-121.78835311770524, 37.72225015763055)",173.18617248535156,0.0
289,p3rlv308,"(-121.78838570243515, 37.72188380009817)",172.51803588867188,0.0
290,p3rdt170lv,"(-121.79264762840826, 37.72089104020892)",166.49127197265625,0.0
291,p3rlv309,"(-121.79248907636362, 37.720736213572586)",164.22055053710938,0.0
292,p3rdm316,"(-121.75183853515708, 37.76379031859151)",258.0305480957031,0.0
293,p3rlv314,"(-121.75238110505019, 37.763931255492174)",255.32154846191406,0.0
294,p3rdt171lv,"(-121.751742487954, 37.76386758272922)",259.7115783691406,0.0
295,p3rdm317,"(-121.75165358907802, 37.763986639255684)",263.1554260253906,0.0
296,p3rlv315,"(-121.75210308143112, 37.76426178214498)",259.5522155761719,4.0
297,p3rdt178lv,"(-121.75491586300288, 37.739599455159485)",167.95086669921875,0.0
298,p3rlv326,"(-121.75489897924476, 37.73969558422454)",168.0947723388672,0.0
299,p3rlv327,"(-121.7549345788281, 37.73936866798117)",167.69149780273438,0.0
300,p3rlv328,"(-121.7547193870438, 37.73957652089977)",168.0522918701172,0.0
301,p3rlv330,"(-121.75510368128968, 37.73967070833713)",167.82431030273438,0.0
302,p3rdt179lv,"(-121.755371474714, 37.73978557894649)",167.8006134033203,0.0
303,p3rlv329,"(-121.75532962653168, 37.739759348378875)",167.86766052246094,0.0
304,p3rdt313lv,"(-121.77833640474405, 37.79553657512514)",534.087158203125,4.0
305,p3rlv619,"(-121.77764429969214, 37.796155145556355)",574.088623046875,7.0
306,p3rdt314lv,"(-121.78290522908593, 37.79279663683327)",529.8971557617188,0.0
307,p3rlv620,"(-121.78294677081216, 37.792794233102136)",529.8971557617188,0.0
308,p3rdm673,"(-121.78947376006106, 37.792311709153225)",473.6740417480469,0.0
309,p3rlv664,"(-121.78957119604033, 37.79236395370786)",473.4557800292969,0.0
310,p3rdt347lv,"(-121.78960805563757, 37.79219309088376)",473.0943298339844,0.0
311,p3rdm674,"(-121.78979332745652, 37.792215852697886)",472.83203125,0.0
312,p3rlv665,"(-121.78981706715791, 37.79215300758153)",472.8627624511719,0.0
313,p3rdt434lv,"(-121.77956951541938, 37.76449255526272)",238.3069305419922,0.0
314,p3rlv803,"(-121.77949171468771, 37.76462977353578)",238.86392211914062,0.0
315,p3rlv805,"(-121.77964150021928, 37.76449613374657)",237.82717895507812,0.0
316,p3rlv808,"(-121.7793466685579, 37.76447505438073)",238.43475341796875,0.0
317,p3rlv809,"(-121.77981221053626, 37.76447086339471)",235.7268829345703,11.0
318,p3rdt435lv,"(-121.77245430631349, 37.764550862293774)",260.23431396484375,7.0
319,p3rlv804,"(-121.77294813516173, 37.764886271625244)",263.18768310546875,13.0
320,p3rlv807,"(-121.77266882557049, 37.76461298048722)",261.79559326171875,9.0
321,p3rdt436lv,"(-121.78151181730408, 37.77044870703093)",259.13922119140625,9.0
322,p3rlv806,"(-121.78153167777059, 37.7703829903168)",259.13922119140625,9.0
323,p3rdt437lv,"(-121.78196585814158, 37.769285092321645)",241.63755798339844,10.0
324,p3rlv810,"(-121.78214891824234, 37.76898621723038)",237.59361267089844,18.0
325,p3rdm832,"(-121.78332972184464, 37.770131188454236)",248.64666748046875,10.0
326,p3rlv811,"(-121.78324878139956, 37.77022048003941)",248.7193145751953,10.0
327,p3rdt438lv,"(-121.78341754460753, 37.77007518590521)",248.59022521972656,10.0
328,p3rdm833,"(-121.78366099525343, 37.77000843034196)",250.6981201171875,8.0
329,p3rlv1000,"(-121.78362738234893, 37.76998104512309)",248.6814422607422,8.0
330,p3rdt439lv,"(-121.78293122784885, 37.76857404851589)",237.93228149414062,23.0
331,p3rlv812,"(-121.7828341229089, 37.768503776448554)",237.566650390625,23.0
332,p3rdt440lv,"(-121.77415089618151, 37.76510949877799)",275.5460510253906,0.0
333,p3rlv813,"(-121.77420417962357, 37.76510956275925)",275.5289001464844,0.0
334,p3rdt494lv,"(-121.78076807645004, 37.80673520146631)",459.14447021484375,23.0
335,p3rlv907,"(-121.7807065190854, 37.80678580745968)",456.3459167480469,23.0
336,p3rdt538lv,"(-121.78405862526209, 37.77071031153476)",271.3869934082031,11.0
337,p3rlv996,"(-121.78413658487156, 37.770779421931124)",274.501708984375,9.0
338,p3rdt539lv,"(-121.78672566161566, 37.76912690744334)",246.94667053222656,0.0
339,p3rlv997,"(-121.78717801954305, 37.76947688176918)",252.24050903320312,0.0
340,p3rdt541lv,"(-121.78583073193742, 37.769483864507286)",248.4727783203125,6.0
341,p3rlv999,"(-121.78574719548183, 37.769252019209496)",247.0218505859375,6.0
342,p3rdt542lv,"(-121.78591053824172, 37.76780541760886)",258.64044189453125,8.0
343,p3rlv1001,"(-121.7862074869459, 37.76772742802957)",264.0276794433594,8.0
344,p3rlv1004,"(-121.7864111178291, 37.767317772100824)",263.9178161621094,13.0
345,p3rdt543lv,"(-121.78673845278095, 37.77021423429099)",258.9189758300781,9.0
346,p3rlv1002,"(-121.78684986053264, 37.77010439555938)",257.64434814453125,7.0
347,p3rdt544lv,"(-121.78403278688668, 37.768558383388005)",250.70504760742188,8.0
348,p3rlv1003,"(-121.78381036937034, 37.76851385707225)",250.0556182861328,9.0
349,p3rdt545lv,"(-121.78590534582204, 37.76767979176874)",261.2068176269531,13.0
350,p3rlv1005,"(-121.78566983162631, 37.767280263669576)",264.45257568359375,0.0
351,p3rdt547lv,"(-121.78512506909202, 37.76911514455896)",255.2476806640625,20.0
352,p3rlv1007,"(-121.78497119008532, 37.769039559457525)",255.42828369140625,13.0
353,p3rdt955lv,"(-121.78028595399269, 37.77547748847664)",318.5038146972656,0.0
354,p3rlv1703,"(-121.780274038122, 37.77575057993993)",318.6954650878906,0.0
355,p3rlv1708,"(-121.78038124721125, 37.775445256949695)",319.6072082519531,0.0
356,p3rdm1717,"(-121.78136705501542, 37.77211173332225)",290.11737060546875,0.0
357,p3rlv1704,"(-121.78140466165823, 37.77189581661005)",292.5766296386719,12.0
358,p3rdt956lv,"(-121.78145414206867, 37.77210078835248)",291.46649169921875,0.0
359,p3rdm1718,"(-121.78147347801188, 37.77254544529975)",300.4922790527344,6.0
360,p3rlv1721,"(-121.78151681663367, 37.772672071792044)",301.24371337890625,6.0
361,p3rdt957lv,"(-121.77646970297619, 37.774641452724104)",289.8226318359375,0.0
362,p3rlv1705,"(-121.77662372123821, 37.77470330821881)",293.2897033691406,0.0
363,p3rdt959lv,"(-121.7779220589718, 37.77818603324164)",311.7505187988281,6.0
364,p3rlv1707,"(-121.7777813287195, 37.778185222059456)",311.5710754394531,8.0
365,p3rdt960lv,"(-121.77705598002642, 37.77423848517346)",286.2258605957031,0.0
366,p3rlv1709,"(-121.77711166492385, 37.7740324190208)",284.3507385253906,0.0
367,p3rdt961lv,"(-121.78127050604128, 37.77360401572417)",323.47735595703125,10.0
368,p3rlv1711,"(-121.7812622927653, 37.77365182736277)",325.1045837402344,10.0
369,p3rdt962lv,"(-121.77993723669886, 37.775064958199216)",307.32843017578125,0.0
370,p3rlv1712,"(-121.78050898638566, 37.774581357007584)",330.0437927246094,4.0
371,p3rdt963lv,"(-121.77568419445531, 37.77704303749378)",341.3168029785156,7.0
372,p3rlv1713,"(-121.77557452951552, 37.77680756703397)",343.4709777832031,0.0
373,p3rdt964lv,"(-121.77758329938965, 37.77872676389733)",317.88201904296875,7.0
374,p3rlv1714,"(-121.77735562125235, 37.77852328855948)",311.948486328125,7.0
375,p3rdt966lv,"(-121.77761546050182, 37.7749180614445)",284.2013854980469,6.0
376,p3rlv1716,"(-121.7773335933628, 37.775035135146105)",292.963623046875,0.0
377,p3rdm1729,"(-121.78344508965156, 37.77279113756183)",259.1001892089844,7.0
378,p3rlv1720,"(-121.78302283663386, 37.772921967979514)",275.611328125,9.0
379,p3rdt967lv,"(-121.78367084829486, 37.773111747068604)",254.879638671875,0.0
380,p3rdm1730,"(-121.78388958898523, 37.773381554166576)",253.7269744873047,6.0
381,p3rlv1895,"(-121.78407167098824, 37.77335639518195)",251.99090576171875,10.0
382,p3rdm1767,"(-121.77744183270791, 37.78294041595157)",392.63134765625,0.0
383,p3rlv1762,"(-121.77761050824337, 37.78304130608694)",396.9082336425781,7.0
384,p3rdt988lv,"(-121.77744934631795, 37.78341198809398)",396.13250732421875,0.0
385,p3rdm1768,"(-121.77725949794683, 37.78366855369192)",396.5827331542969,0.0
386,p3rlv1763,"(-121.7772373838778, 37.78363227331111)",396.5827331542969,0.0
387,p3rdm1766,"(-121.77761147184333, 37.78367220622127)",396.8425598144531,0.0
388,p3rlv1759,"(-121.77758935759934, 37.78363592590356)",396.71087646484375,0.0
389,p3rdt1001lv,"(-121.77047319436268, 37.78616267256647)",410.8501892089844,0.0
390,p3rlv1780,"(-121.77046207630393, 37.78612136693196)",411.33575439453125,0.0
391,p3rdm1783,"(-121.77001910764729, 37.78612575566951)",414.1661682128906,0.0
392,p3rlv1779,"(-121.76987897148575, 37.786358622840524)",418.4799499511719,0.0
393,p3rdm1785,"(-121.77073846187386, 37.7858899207938)",409.8740234375,7.0
394,p3rlv1781,"(-121.7707164996793, 37.78584462809711)",409.8740234375,7.0
395,p3rdm1859,"(-121.79187112485616, 37.808288804650104)",628.9053955078125,8.0
396,p3rlv1861,"(-121.79168631566013, 37.808476175447005)",625.7529907226562,5.0
397,p3rdt1052lv,"(-121.79196088176889, 37.808384990930314)",629.355712890625,8.0
398,p3rdm1860,"(-121.79227428199664, 37.8086444340966)",630.6590576171875,7.0
399,p3rlv1879,"(-121.79243578738958, 37.80849287423004)",634.1187744140625,11.0
400,p3rdt1053lv,"(-121.78839347660742, 37.808625436413536)",631.9816284179688,14.0
401,p3rlv1867,"(-121.78814931308723, 37.80872824391391)",633.8651123046875,19.0
402,p3rdm1861,"(-121.78876602447784, 37.808527295551286)",630.0474243164062,11.0
403,p3rlv1862,"(-121.78878844575718, 37.80854555149209)",630.0474243164062,9.0
404,p3rdt1055lv,"(-121.78922343957595, 37.806014624725954)",615.9746704101562,0.0
405,p3rlv1866,"(-121.78905548680325, 37.80610585802325)",611.0811767578125,0.0
406,p3rdm1864,"(-121.78901594363275, 37.80574494377696)",615.3532104492188,8.0
407,p3rlv1864,"(-121.78885664532511, 37.80576133131589)",615.3712768554688,8.0
408,p3rdm1866,"(-121.78940565611931, 37.80622662247761)",615.4254760742188,5.0
409,p3rlv1873,"(-121.7890937058542, 37.80654787285297)",608.9635009765625,0.0
410,p3rdt1056lv,"(-121.7891457446997, 37.80847094381826)",630.8502197265625,0.0
411,p3rlv1865,"(-121.78909996445377, 37.80825133572817)",629.7527465820312,0.0
412,p3rlv1880,"(-121.78903019863372, 37.80834975806409)",630.9013061523438,0.0
413,p3rdm1869,"(-121.78915204423005, 37.808540277177066)",630.1990966796875,0.0
414,p3rlv1881,"(-121.7892653284597, 37.80855946706894)",630.11767578125,0.0
415,p3rdt1058lv,"(-121.78856861836928, 37.808549470545515)",630.1154174804688,14.0
416,p3rlv1869,"(-121.78847572682174, 37.8082178785499)",625.8504028320312,9.0
417,p3rdt1059lv,"(-121.78528085032357, 37.80633215579633)",586.5142211914062,8.0
418,p3rlv1870,"(-121.78517816094615, 37.80633631342326)",584.5429077148438,8.0
419,p3rlv1876,"(-121.78499570267924, 37.80637949492364)",583.1207885742188,9.0
420,p3rdt1060lv,"(-121.79007513799577, 37.80672636649314)",615.6311645507812,10.0
421,p3rlv1871,"(-121.79056176971415, 37.80638270207699)",630.9207153320312,7.0
422,p3rdt1062lv,"(-121.78806019529819, 37.807366395601974)",614.8871459960938,11.0
423,p3rlv1874,"(-121.78806874471704, 37.80740254969445)",614.8871459960938,11.0
424,p3rdt1063lv,"(-121.78913074996049, 37.805911185428414)",615.4298706054688,8.0
425,p3rlv1875,"(-121.7897352855657, 37.80551800706538)",627.250244140625,10.0
426,p3rdt1064lv,"(-121.7861571886235, 37.80578697122328)",596.220458984375,8.0
427,p3rlv1877,"(-121.78639469501715, 37.80603057691889)",608.3525390625,0.0
428,p3rdt1065lv,"(-121.79079895201096, 37.80810038165179)",622.22802734375,0.0
429,p3rlv1878,"(-121.79080437128992, 37.80822378204554)",621.132080078125,0.0
430,p3rdt1066lv,"(-121.78992536437444, 37.806640366820695)",615.4661865234375,10.0
431,p3rlv1882,"(-121.7897610067307, 37.806725972216206)",612.1369018554688,0.0
432,p3rdm1888,"(-121.78727718553135, 37.7731370757269)",339.06805419921875,10.0
433,p3rlv1890,"(-121.78733483086103, 37.77308359260512)",340.43133544921875,10.0
434,p3rlv1892,"(-121.78735562214894, 37.77320097220463)",339.2110290527344,10.0
435,p3rdt1071lv,"(-121.78716228489438, 37.77297984352919)",337.9151916503906,12.0
436,p3rdm1890,"(-121.78677427873617, 37.77264521043941)",334.466796875,10.0
437,p3rlv1896,"(-121.78688057291488, 37.77239394818231)",332.1233215332031,8.0
438,p3rdm1891,"(-121.78510593121642, 37.771213019627304)",295.62554931640625,8.0
439,p3rlv1891,"(-121.78509605369433, 37.77112279037581)",294.8531188964844,8.0
440,p3rdt1072lv,"(-121.78470546555302, 37.771160993113256)",287.7261657714844,10.0
441,p3rdm1892,"(-121.78462029774926, 37.771054794676225)",285.0726623535156,7.0
442,p3rlv1899,"(-121.78437969051187, 37.771187503637286)",277.6087341308594,9.0
443,p3rdm1893,"(-121.78418651226018, 37.77397044633171)",253.9107208251953,7.0
444,p3rlv1893,"(-121.78442653876685, 37.77387378284235)",251.73086547851562,7.0
445,p3rdt1073lv,"(-121.78434150581027, 37.77445255351676)",256.1583557128906,0.0
446,p3rdm1894,"(-121.78437580650086, 37.77489169848919)",256.85137939453125,9.0
447,p3rlv1897,"(-121.78439806917383, 37.77491896638612)",257.079833984375,9.0
448,p3rdt1074lv,"(-121.78449497410784, 37.77548158858297)",259.93017578125,0.0
449,p3rlv1894,"(-121.78456849875009, 37.775605692425174)",260.1837158203125,11.0
450,p3rdm1896,"(-121.7844141341941, 37.7753247051646)",258.3941345214844,0.0
451,p3rlv1900,"(-121.78447075038544, 37.775334302008474)",257.7910461425781,0.0
452,p3rdt1075lv,"(-121.78621599162011, 37.77230882202016)",324.0867614746094,7.0
453,p3rlv1898,"(-121.7865226015099, 37.77206580330664)",329.4211730957031,0.0
454,p3rdt1076lv,"(-121.785260442736, 37.80203423393009)",606.2372436523438,9.0
455,p3rlv1903,"(-121.78584223024593, 37.801854839496094)",598.3812866210938,23.0
456,p3rlv1922,"(-121.78576391287473, 37.80178193064108)",596.75048828125,23.0
457,p3rdm1899,"(-121.78527851389991, 37.802290649678454)",603.25927734375,8.0
458,p3rlv1904,"(-121.78536489804632, 37.80232475833768)",602.7711791992188,8.0
459,p3rdt1077lv,"(-121.78432196765394, 37.802890811782)",590.4348754882812,15.0
460,p3rlv1905,"(-121.78424797443677, 37.80279374139609)",593.0361938476562,28.0
461,p3rdt1078lv,"(-121.78648670004955, 37.797631691568675)",603.5635375976562,4.0
462,p3rlv1906,"(-121.78558134912882, 37.7976702578659)",622.720458984375,4.0
463,p3rdt1079lv,"(-121.78664037920204, 37.80308491646035)",611.2144775390625,9.0
464,p3rlv1908,"(-121.78711051804389, 37.80278720064857)",614.6529541015625,33.0
465,p3rdm1903,"(-121.78628367280771, 37.803337470898235)",609.473876953125,0.0
466,p3rlv1907,"(-121.786441344224, 37.80342020967861)",609.9649658203125,0.0
467,p3rdt1080lv,"(-121.78763596150819, 37.80423747403521)",615.1089477539062,23.0
468,p3rlv1918,"(-121.78738989594675, 37.80445742556645)",618.1832885742188,0.0
469,p3rdm1905,"(-121.78777825113667, 37.80432623249697)",615.8092651367188,10.0
470,p3rlv1909,"(-121.78789373800706, 37.80421025592973)",615.4266357421875,0.0
471,p3rdm1907,"(-121.7874865001986, 37.804106924972345)",614.800048828125,23.0
472,p3rlv1920,"(-121.78760139784646, 37.80402699340066)",613.5286254882812,32.0
473,p3rdt1081lv,"(-121.78403133558558, 37.79823391370936)",617.3719482421875,0.0
474,p3rlv1910,"(-121.78406285364595, 37.79815029183719)",617.3719482421875,0.0
475,p3rlv1916,"(-121.78399250013916, 37.79828475610193)",617.1758422851562,0.0
476,p3rdt1082lv,"(-121.78530219233545, 37.80407257428816)",621.1220703125,9.0
477,p3rlv1911,"(-121.78546433514455, 37.80412214262565)",621.507080078125,9.0
478,p3rdt1083lv,"(-121.78469142149538, 37.80092650979472)",623.511962890625,31.0
479,p3rlv1912,"(-121.78465288037933, 37.80095933002017)",623.511962890625,31.0
480,p3rlv1921,"(-121.78468842707551, 37.80086956980569)",623.4838256835938,31.0
481,p3rdt1084lv,"(-121.78416811805516, 37.80214914197407)",601.6878051757812,12.0
482,p3rlv1913,"(-121.78409577355768, 37.80237758650285)",599.5488891601562,42.0
483,p3rdt1085lv,"(-121.78724210375236, 37.80390611431501)",614.7532958984375,10.0
484,p3rlv1915,"(-121.78695389269282, 37.80402933966468)",615.6226806640625,0.0
485,p3rdt1086lv,"(-121.78606559726974, 37.802808613453344)",608.15478515625,8.0
486,p3rlv1917,"(-121.78620623846979, 37.802516517767415)",610.9232177734375,15.0
487,p3rdt1087lv,"(-121.78664755896727, 37.805531288818756)",590.1614379882812,45.0
488,p3rlv1919,"(-121.78720745236437, 37.80519458804642)",618.8967895507812,9.0
489,p3rdt1447lv,"(-121.79628188222351, 37.715470338736715)",167.2776641845703,0.0
490,p3rlv2642,"(-121.79624003266035, 37.71544412257705)",167.2397003173828,0.0
491,p3rdt1452lv,"(-121.79656423673859, 37.71577953572149)",166.95652770996094,0.0
492,p3rlv2648,"(-121.79661655832987, 37.71576890870997)",166.90892028808594,0.0
493,p3rdt1454lv,"(-121.79707155819142, 37.71575001460653)",166.75103759765625,0.0
494,p3rlv2652,"(-121.79712207668123, 37.715736495337076)",166.9399871826172,0.0
495,p3rdt1057-p3rdt1062xx,"(-121.78961859882003, 37.80706164497992)",610.306640625,9.0
496,p3rdt1057-p3rdt1062xxx,"(-121.787968213637, 37.80732553982942)",614.6688232421875,7.0
497,p3rdt1079-p3rdt1082x,"(-121.78673235490608, 37.80312577319586)",611.8441772460938,9.0
498,p3rdt1082,"(-121.78530936312141, 37.804114364833936)",620.8413696289062,9.0
499,p3rdt1083,"(-121.78468425131791, 37.800884719200454)",623.4838256835938,31.0
500,p3rdt1078,"(-121.78649387098132, 37.79767348208788)",603.5635375976562,0.0
501,p3rdt1081,"(-121.78402416600004, 37.79819212306709)",617.3719482421875,0.0
502,p3rdt1076-p3rdt1083x,"(-121.78535241636277, 37.802075091714904)",604.5396118164062,19.0
503,p3rdt1-p3rdt2x,"(-121.75207520487002, 37.75581268636594)",205.7941131591797,0.0
504,p3rdt2,"(-121.75299683207788, 37.75589223879479)",206.5074920654297,0.0
505,p3rdt179,"(-121.7554215068635, 37.73980022830897)",167.8006134033203,0.0
506,p3rdt179-p3rdt78x,"(-121.75750466636059, 37.738614513240215)",166.3902130126953,0.0
507,p3rdt78,"(-121.7614185861758, 37.73778765114404)",166.98968505859375,0.0
508,p3rdt178,"(-121.75490871459631, 37.73955766272562)",167.95086669921875,0.0
509,p3rdt154,"(-121.7505525985765, 37.74577304173909)",180.5237579345703,0.0
510,p3rdt154-p3rdt176x,"(-121.74936605732418, 37.746141143352155)",180.5353240966797,0.0
511,p3rdt157-p3rdt159x,"(-121.74773062462482, 37.75703235433447)",222.4534912109375,0.0
512,p3rdt157,"(-121.74807469653305, 37.75629969840319)",221.0284881591797,0.0
513,p3rdt962,"(-121.77993007130691, 37.77502316722526)",307.32843017578125,0.0
514,p3rdt961,"(-121.78127767207513, 37.773645806637134)",325.1045837402344,10.0
515,p3rdt955,"(-121.78029311962247, 37.77551927943002)",318.5038146972656,0.0
516,p3rdt955-p3rdt959x,"(-121.77798239329177, 37.77812472834346)",309.7658386230469,6.0
517,p3rdt114,"(-121.78034047176492, 37.760408749726714)",206.81959533691406,0.0
518,p3rdt112,"(-121.78050643771343, 37.760671837245425)",207.49143981933594,0.0
519,p3rdt109,"(-121.77901421577586, 37.7582526685018)",200.55908203125,0.0
520,p3rdt109-p3rdt115xx,"(-121.77905616039902, 37.7581555039887)",200.25389099121094,0.0
521,p3rdt109-p3rdt115x,"(-121.77762313988802, 37.76089715238531)",211.71226501464844,0.0
522,p3rdt110-p3rdt115xx,"(-121.77756442010755, 37.762867946588365)",226.05711364746094,0.0
523,p3rdt110-p3rdt115x,"(-121.77690249030374, 37.76191712770986)",221.68016052246094,0.0
524,p3rdt110,"(-121.77761418414563, 37.762817850189116)",225.37530517578125,0.0
525,p3rdt105-p3rdt106x,"(-121.77384946754766, 37.75291776980577)",193.3830108642578,0.0
526,p3rdt106,"(-121.77468992694483, 37.75313657938349)",193.2264404296875,0.0
527,p3rdt10-p3rdt6x,"(-121.76985549758058, 37.7459941346228)",177.93333435058594,0.0
528,p3rdt10,"(-121.76866710943943, 37.74647876880349)",177.2449493408203,0.0
529,p3rdt12,"(-121.76332785491422, 37.74450374308698)",171.81549072265625,0.0
530,p3rdt3,"(-121.76337947015269, 37.74449294930507)",171.81993103027344,0.0
531,p3rdt12-p3rdt69x,"(-121.76338526731804, 37.74341717370805)",171.15609741210938,0.0
532,p3rdt65-p3rdt80x,"(-121.7633062340906, 37.74163222950715)",169.84007263183594,0.0
533,p3rdt65,"(-121.76211123908861, 37.74143504503016)",169.598876953125,0.0
534,p3rdt85,"(-121.7632608460794, 37.73939891031366)",168.34799194335938,0.0
535,p3rdt73,"(-121.76325534650853, 37.7390473546301)",168.09451293945312,0.0
536,p3rdt79,"(-121.76327469410242, 37.7399308089347)",168.7477264404297,0.0
537,p3rdt66,"(-121.76328019371373, 37.74028236456852)",168.98965454101562,0.0
538,p3rdt83,"(-121.76328245567775, 37.74045678534382)",169.0438232421875,0.0
539,p3rdt70,"(-121.76328403971095, 37.7409436837751)",169.45693969726562,0.0
540,p3rdt68,"(-121.76328953930783, 37.74129523935142)",169.64732360839844,0.0
541,p3rdt68-p3rdt80x,"(-121.763245918342, 37.74169352756878)",169.90345764160156,0.0
542,p3rdt71-p3rdt82x,"(-121.7646455630738, 37.74392605428309)",172.01837158203125,0.0
543,p3rdt82,"(-121.76494115126556, 37.74256294953696)",171.4507293701172,0.0
544,p3rdt76,"(-121.76481758750381, 37.74064998499808)",170.47189331054688,0.0
545,p3rdt72,"(-121.76448529166903, 37.73968548262779)",169.1110382080078,0.0
546,p3rdt75,"(-121.76433191365632, 37.74164963935671)",170.51197814941406,0.0
547,p3rdt84,"(-121.76515754290847, 37.74252149596035)",171.50636291503906,0.0
548,p3rdt71-p3rdt84x,"(-121.76460854223319, 37.74385401515934)",171.96372985839844,0.0
549,p3rdt71-p3rdt84xx,"(-121.76512059405258, 37.74266918701661)",171.56472778320312,0.0
550,p3rdt129,"(-121.76995308011237, 37.72886424802238)",164.79745483398438,0.0
551,p3rdt129-p3rdt134x,"(-121.76884926622374, 37.72860319863275)",164.3767547607422,0.0
552,p3rdt134,"(-121.76853980658053, 37.728552069015976)",164.27725219726562,0.0
553,p3rdt136,"(-121.76996321752817, 37.7287258150703)",164.7381591796875,0.0
554,p3rdt132,"(-121.76996081603909, 37.72818502260611)",164.35870361328125,0.0
555,p3rdt131,"(-121.76994797064845, 37.73444877472715)",167.88165283203125,0.0
556,p3rdt129-p3rdt131xx,"(-121.7699458383559, 37.73228285164476)",166.86663818359375,0.0
557,p3rdt129-p3rdt131x,"(-121.76995370871529, 37.73043531269119)",165.88526916503906,0.0
558,p3rdt130-p3rdt131x,"(-121.76875331496676, 37.73439741685411)",167.46139526367188,0.0
559,p3rdt130,"(-121.76848122475897, 37.73439272265664)",167.3739013671875,0.0
560,p3rdt135,"(-121.77088529704078, 37.73562454886697)",168.97544860839844,0.0
561,p3rdt81,"(-121.77096919886463, 37.73582937085177)",169.1998291015625,0.0
562,p3rdt67-p3rdt81x,"(-121.7699443381585, 37.73897082813341)",171.0946502685547,0.0
563,p3rdt120,"(-121.78009857471777, 37.72237798101311)",160.9481964111328,0.0
564,p3rdt119,"(-121.78090172846883, 37.72274113653981)",161.63705444335938,0.0
565,p3rdt121,"(-121.78009088867817, 37.72284656744658)",161.221923828125,0.0
566,p3rdt117,"(-121.78012615015119, 37.72298547137465)",161.4073028564453,0.0
567,p3rdt118,"(-121.78022846777509, 37.72345184922883)",161.68243408203125,0.0
568,p3rdt40,"(-121.77779679735501, 37.732637740105254)",172.00506591796875,0.0
569,p3rdt118-p3rdt40x,"(-121.77994957840777, 37.72499633241993)",162.78538513183594,0.0
570,p3rdt42,"(-121.77321796513858, 37.73641159139407)",170.9189453125,0.0
571,p3rdt40-p3rdt42x,"(-121.77454680210545, 37.735422163510854)",170.49459838867188,0.0
572,p3rdt152,"(-121.77277529287096, 37.73641599569887)",170.68624877929688,0.0
573,p3rdt133,"(-121.77189428621536, 37.7363741147332)",170.17869567871094,0.0
574,p3rdt133-p3rdt67x,"(-121.76998136191698, 37.739042865687246)",171.1383819580078,0.0
575,p3rdt16,"(-121.76754465381178, 37.75277365979692)",182.76055908203125,0.0
576,p3rdt4,"(-121.76755136883065, 37.75305312534393)",183.59521484375,0.0
577,p3rdt107-p3rdt16x,"(-121.77308526426862, 37.75242075893521)",191.306396484375,0.0
578,p3rdt161-p3rdt163x,"(-121.78757665989517, 37.72351059676501)",174.66065979003906,0.0
579,p3rdt163,"(-121.78612538535255, 37.722268954986184)",169.29275512695312,0.0
580,p3rdt1447-p3rdt1452x,"(-121.79648729989975, 37.715830288610725)",166.95652770996094,0.0
581,p3rdt1447,"(-121.79633190667926, 37.71548497064756)",167.19659423828125,0.0
582,p3rdt162-p3rdt168x,"(-121.78859654024151, 37.725685500029016)",183.223388671875,4.0
583,p3rdt168,"(-121.7889581214299, 37.72390237294559)",184.0273895263672,7.0
584,p3rdt434-p3rdt440x,"(-121.77404597586204, 37.765119952698406)",275.52459716796875,0.0
585,p3rdt434,"(-121.77957667975429, 37.76453434631066)",238.3069305419922,0.0
586,p3rdt435-p3rdt440xx,"(-121.77250342421827, 37.76449548891564)",260.07501220703125,7.0
587,p3rdt435-p3rdt440x,"(-121.77405979997826, 37.76494290655479)",273.1237487792969,7.0
588,p3rdt435,"(-121.77246146727511, 37.7645926507819)",260.23431396484375,8.0
589,p3rdt437,"(-121.78197302421783, 37.7693268832219)",241.63755798339844,10.0
590,p3rdt439,"(-121.7829383944125, 37.76861583937057)",237.44200134277344,23.0
591,p3rdt436,"(-121.78150465139727, 37.77040691611303)",259.13922119140625,9.0
592,p3rdt956,"(-121.78146130808432, 37.77214257926402)",292.5517272949219,0.0
593,p3rdt956-p3rdt960x,"(-121.77715335914012, 37.77424921594023)",285.5886535644531,0.0
594,p3rdt956-p3rdt960x_b1_1,"(-121.77757585778113, 37.77480331801563)",284.5726013183594,6.0
595,p3rdt957,"(-121.77646253957674, 37.77459966157085)",287.7322082519531,0.0
596,p3rdt963,"(-121.77569135761308, 37.77708482867386)",341.3168029785156,7.0
597,p3rdt957-p3rdt960x,"(-121.77711631175082, 37.77417718063537)",286.2258605957031,0.0
598,p3rdt438-p3rdt538x,"(-121.78415197337513, 37.77067152522685)",274.2259826660156,9.0
599,p3rdt438,"(-121.78342471156752, 37.77011697672712)",249.02194213867188,10.0
600,p3rdt542,"(-121.78591515244801, 37.7677633558009)",259.986572265625,13.0
601,p3rdt545,"(-121.78591716667923, 37.767721075051114)",259.986572265625,13.0
602,p3rdt539,"(-121.78673283036646, 37.769168698101076)",247.525390625,0.0
603,p3rdt541,"(-121.78582356367035, 37.76944207380508)",247.6959686279297,6.0
604,p3rdt543,"(-121.78673128394209, 37.77017244363908)",257.64056396484375,9.0
605,p3rdt1075,"(-121.78620882290619, 37.77226703135259)",324.0867614746094,7.0
606,p3rdt1071,"(-121.78716945420456, 37.77302163414422)",337.9151916503906,12.0
607,p3rdt1072,"(-121.78471263332827, 37.77120278386356)",287.7261657714844,10.0
608,p3rdt541-p3rdt547x,"(-121.78506247563342, 37.76917499003746)",255.25743103027344,20.0
609,p3rdt544-p3rdt547x,"(-121.785028088517, 37.76910213217655)",255.3682861328125,20.0
610,p3rdt544,"(-121.78403995407096, 37.768600174186446)",250.70504760742188,8.0
611,p3rdt1077,"(-121.7843291377897, 37.802932602384196)",590.4348754882812,15.0
612,p3rdt1077_b1_1,"(-121.78275740391344, 37.80294958866636)",574.3540649414062,31.0
613,p3rdt1077-p3rdt1086x,"(-121.78615757230621, 37.80284947062826)",608.995361328125,8.0
614,p3rdt1059-p3rdt1064xx,"(-121.78625461055773, 37.805797695145834)",598.4854736328125,8.0
615,p3rdt1059-p3rdt1064x,"(-121.78537424316718, 37.80629336951056)",589.8377075195312,6.0
616,p3rdt1064-p3rdt1087xx,"(-121.78655558036382, 37.805490431982896)",587.2661743164062,45.0
617,p3rdt1064-p3rdt1087x,"(-121.78621753933125, 37.8057256626577)",592.0179443359375,15.0
618,p3rdt1085-p3rdt1087x,"(-121.78715012680033, 37.803865257961434)",614.7804565429688,0.0
619,p3rdt1087,"(-121.78659747632199, 37.805516652004236)",590.1614379882812,45.0
620,p3rdt1058,"(-121.78857579136617, 37.808591260900315)",630.1154174804688,15.0
621,p3rdt1053,"(-121.78838630371085, 37.80858364604958)",631.7640380859375,14.0
622,p3rdt1056,"(-121.7891385713904, 37.808429153492035)",630.8502197265625,0.0
623,p3rdt1065,"(-121.79079177779714, 37.808058591408354)",622.22802734375,0.0
624,p3rdt1052-p3rdt1065x,"(-121.79205286701387, 37.808425843637465)",630.5919189453125,7.0
625,p3rdt0,"(-121.7519272640128, 37.759861710008174)",221.7249755859375,0.0
626,p3rdt0-p3rdt1x,"(-121.75207434689197, 37.75588788701819)",205.97950744628906,0.0
627,p3rdt1,"(-121.75211706075497, 37.755838918159334)",205.97950744628906,0.0
628,p3rdt171,"(-121.75174963652904, 37.763909375196334)",261.25299072265625,0.0
629,p3rdt171_b1_1,"(-121.75161757750806, 37.76342746892147)",253.6785430908203,0.0
630,p3rdt156,"(-121.74818674696078, 37.75773391276934)",223.42449951171875,0.0
631,p3rdt159,"(-121.7477247718385, 37.757074327595504)",222.40806579589844,0.0
632,p3rdt155,"(-121.74839551447472, 37.758352342753085)",225.90391540527344,0.0
633,p3rdt158,"(-121.7483836797798, 37.75952052467317)",232.9884033203125,0.0
634,p3rdt155-p3rdt158x,"(-121.7483911916369, 37.75884181704404)",227.9457244873047,0.0
635,p3rdt1001,"(-121.77051507374924, 37.786188898104264)",410.8501892089844,0.0
636,p3rdt1001-p3rdt171x,"(-121.75722082791265, 37.77186853102432)",447.4552307128906,3.0
637,p3rdt1001-p3rdt171xx,"(-121.75211881160622, 37.765352488045224)",291.5704650878906,0.0
638,p3rdt74,"(-121.76332965011369, 37.74239502512596)",170.35198974609375,0.0
639,p3rdt80,"(-121.76329845778767, 37.74167678213403)",169.90345764160156,0.0
640,p3rdt77,"(-121.76331970591816, 37.742520931385556)",170.48631286621094,0.0
641,p3rdt69,"(-121.76333472414186, 37.74343067801737)",171.1441650390625,0.0
642,p3rdt71,"(-121.76460076643906, 37.74389856786536)",171.98252868652344,0.0
643,p3rdt11,"(-121.768474105672, 37.74590379385755)",176.96368408203125,0.0
644,p3rdt11-p3rdt71x,"(-121.7662549980483, 37.74475400370521)",173.71621704101562,0.0
645,p3rdt6,"(-121.76989827758138, 37.745968866105876)",177.93333435058594,0.0
646,p3rdt11-p3rdt6x,"(-121.76856282326027, 37.745895723513165)",176.92527770996094,0.0
647,p3rdt67,"(-121.76993656614582, 37.739015381292575)",171.1383819580078,0.0
648,p3rdt107,"(-121.77310944356871, 37.75237837473871)",191.0200958251953,0.0
649,p3rdt107_b1_1,"(-121.77176984609824, 37.75238232747055)",190.24928283691406,0.0
650,p3rdt1454,"(-121.79702880482444, 37.71577529357191)",166.8341064453125,0.0
651,p3rdt1446,"(-121.79714955148243, 37.7150578829271)",167.49395751953125,0.0
652,p3rdt1452,"(-121.79650862619576, 37.71578801110799)",166.95652770996094,0.0
653,p3rdt1452-p3rdt167xxx,"(-121.79336828631867, 37.72058257183382)",164.83831787109375,0.0
654,p3rdt1452-p3rdt167xx,"(-121.79478800177677, 37.7196060993087)",167.6176300048828,0.0
655,p3rdt1452-p3rdt167x,"(-121.79646860786607, 37.715755367616886)",167.06619262695312,0.0
656,p3rdt165-p3rdt167x,"(-121.79294748930432, 37.72073124705758)",165.010009765625,0.0
657,p3rdt165-p3rdt167xx,"(-121.79339759818374, 37.72064406627202)",164.83831787109375,0.0
658,p3rdt165-p3rdt170xx,"(-121.79255574989358, 37.72085018922334)",166.13900756835938,0.0
659,p3rdt165-p3rdt170x,"(-121.79300776349909, 37.72066993286524)",165.16871643066406,0.0
660,p3rdt169,"(-121.7883602835727, 37.72229194845289)",173.18617248535156,0.0
661,p3rdt170,"(-121.79259760111262, 37.720876406697535)",166.49127197265625,0.0
662,p3rdt166,"(-121.78815607956895, 37.72228984928518)",172.91940307617188,0.0
663,p3rdt161,"(-121.78761942090009, 37.72348532139276)",174.4312744140625,0.0
664,p3rdt162,"(-121.78863839270117, 37.72571171891085)",183.2003173828125,4.0
665,p3rdt164,"(-121.78923623729705, 37.72654933054676)",187.24595642089844,0.0
666,p3rdt37,"(-121.79041502181015, 37.727810866531726)",196.22720336914062,0.0
667,p3rdt39,"(-121.7907457284364, 37.72792576037558)",198.8717803955078,0.0
668,p3rdt35,"(-121.790910414985, 37.72805028221996)",199.52476501464844,0.0
669,p3rdt36,"(-121.79162906226556, 37.72851730499726)",205.47262573242188,0.0
670,p3rdt38,"(-121.79184140373258, 37.72990074710384)",222.51292419433594,0.0
671,p3rdt36-p3rdt38x,"(-121.79186636869377, 37.729733633641615)",222.01904296875,0.0
672,p3rdt128,"(-121.79325284831506, 37.73614074709507)",230.55307006835938,0.0
673,p3rdt104,"(-121.77770308639606, 37.752351056599124)",190.0584716796875,0.0
674,p3rdt104-p3rdt128x,"(-121.77893110505283, 37.75177177791646)",189.53675842285156,0.0
675,p3rdt104-p3rdt107x,"(-121.77316305456915, 37.75239712684088)",191.11715698242188,0.0
676,p3rdt105-p3rdt107x,"(-121.77381243346268, 37.75284573344743)",193.1820831298828,0.0
677,p3rdt108,"(-121.7740922268299, 37.754274983218075)",197.66067504882812,0.0
678,p3rdt105,"(-121.77380466208083, 37.75289028677413)",193.3830108642578,0.0
679,p3rdt111,"(-121.77446443264976, 37.75510802817293)",199.8732147216797,0.0
680,p3rdt115,"(-121.77676296553572, 37.76166615540254)",219.16038513183594,0.0
681,p3rdt111-p3rdt115x,"(-121.77512857038536, 37.75727516123798)",204.010498046875,0.0
682,p3rdt440,"(-121.77409926796612, 37.765120297018896)",275.5460510253906,0.0
683,p3rdt960,"(-121.7771085397597, 37.77422173401768)",286.2258605957031,0.0
684,p3rdt440-p3rdt960x,"(-121.77660637846641, 37.772999722304625)",288.86761474609375,3.0
685,p3rdt966,"(-121.77762262457814, 37.774959852537194)",284.2013854980469,6.0
686,p3rdt959,"(-121.77797462134035, 37.77816928175552)",312.0616149902344,6.0
687,p3rdt538,"(-121.78410141504273, 37.770685038127425)",274.2259826660156,9.0
688,p3rdt547,"(-121.78507189312437, 37.76913063407407)",255.3682861328125,20.0
689,p3rdt967,"(-121.78366368095293, 37.77306995627512)",254.879638671875,0.0
690,p3rdt967_b1_1,"(-121.78318016579584, 37.77232875228508)",255.18858337402344,5.0
691,p3rdt1073,"(-121.78433433798082, 37.774410762764646)",255.4165802001953,0.0
692,p3rdt1074,"(-121.78448780610819, 37.775439797844165)",258.6721496582031,0.0
693,p3rdt1074-p3rdt959x,"(-121.77801944339424, 37.7781967633774)",312.0616149902344,6.0
694,p3rdt1074-p3rdt959x_b1_1,"(-121.77851089696817, 37.77801253372491)",316.7432556152344,4.0
695,p3rdt964,"(-121.77757613503029, 37.7786849728225)",316.28204345703125,7.0
696,p3rdt988,"(-121.7774421816545, 37.783370197037016)",396.13250732421875,0.0
697,p3rdt988_b1_1,"(-121.77638636742694, 37.78290242035127)",383.51092529296875,3.0
698,p3rdt1001-p3rdt988x,"(-121.77056514008733, 37.786203541522404)",410.1953430175781,0.0
699,p3rdt1001-p3rdt988x_b1_1,"(-121.77117305941486, 37.785705187879856)",406.45263671875,0.0
700,p3rdt1001-p3rdt313x,"(-121.77842836644756, 37.79557743815583)",535.0073852539062,4.0
701,p3rdt1001-p3rdt313x_b1_1,"(-121.77690529605663, 37.79482260826843)",526.7105102539062,2.0
702,p3rdt1084-p3rdt313x,"(-121.7842600911975, 37.80219000060319)",601.5365600585938,7.0
703,p3rdt1084-p3rdt313x_b1_1,"(-121.78349743137058, 37.80146112654073)",598.8770751953125,0.0
704,p3rdt1076,"(-121.78530233630407, 37.802060454385774)",604.5396118164062,22.0
705,p3rdt1084,"(-121.78421001129014, 37.80217536281225)",601.6878051757812,12.0
706,p3rdt1086,"(-121.78610749156041, 37.80283483363165)",608.15478515625,8.0
707,p3rdt1079,"(-121.78668227385499, 37.80311113643918)",611.8441772460938,9.0
708,p3rdt1085,"(-121.78719202207185, 37.8038914777662)",614.9661865234375,10.0
709,p3rdt1080,"(-121.78762878939698, 37.80419568360922)",615.1089477539062,23.0
710,p3rdt1063,"(-121.78912357686804, 37.805869395087875)",615.4298706054688,8.0
711,p3rdt1055,"(-121.78923061273667, 37.80605641506062)",615.106201171875,0.0
712,p3rdt1066,"(-121.78991819077339, 37.80659857652473)",615.4661865234375,7.0
713,p3rdt1060,"(-121.79008231169597, 37.80676815678038)",614.8458862304688,10.0
714,p3rdt1052,"(-121.79200278129902, 37.80841120907687)",629.355712890625,7.0
715,p3rdt1052-p3rhs0_1247x_b1_1,"(-121.83424789600531, 37.83107238668294)",417.3160400390625,45.0
716,p3rdt1057lv,"(-121.7894603430755, 37.80706351338279)",609.8658447265625,8.0
717,p3rlv1868,"(-121.78942913592068, 37.80687577763017)",610.9129638671875,0.0
718,p3rdt1057,"(-121.78951312387012, 37.80706903644028)",609.8658447265625,8.0
719,p3rdt540lv,"(-121.79524441695688, 37.788883040778856)",409.5362854003906,0.0
720,p3rlv998,"(-121.79513474815921, 37.788503287442886)",412.1805114746094,0.0
721,p3rdt347,"(-121.78961522789095, 37.79223488127189)",473.2230529785156,4.0
722,p3rdt347_b1_1,"(-121.78801274557684, 37.7920623564163)",458.5028381347656,0.0
723,p3rdt314,"(-121.78289806057852, 37.79275484610466)",529.9440307617188,0.0
724,p3rdt314_b1_1,"(-121.78311544960039, 37.7935890938239)",523.4273071289062,4.0
725,p3rdt313,"(-121.77837829218889, 37.79556279796622)",537.0548095703125,4.0
726,p3rdt313_b1_1,"(-121.77912745912882, 37.79639249667414)",537.2822875976562,7.0
727,p3rdt176lv,"(-121.7494709536194, 37.74613071096293)",180.5911407470703,0.0
728,p3rlv323,"(-121.74952422311404, 37.74613078586413)",180.5911407470703,0.0
729,p3rdt153,"(-121.75029213396425, 37.749530978482646)",188.6708221435547,0.0
730,p3rdt176,"(-121.74941933538736, 37.74614149859356)",180.5353240966797,0.0
731,p3rdt159lv,"(-121.74772289255112, 37.7571166113915)",222.40806579589844,0.0
732,p3rlv289,"(-121.74773434517171, 37.75715797183132)",222.36190795898438,0.0
733,p3rdt33lv,"(-121.79593468696504, 37.72028990541092)",165.80979919433594,0.0
734,p3rlv57,"(-121.79617605703197, 37.72007092399462)",164.58868408203125,0.0
735,p3rdt167-p3rdt33x,"(-121.79347534886477, 37.72062041996099)",164.96075439453125,0.0
736,p3rdt167-p3rdt33xx,"(-121.79602656672354, 37.72033075378626)",165.42855834960938,0.0
737,p3rdt1446lv,"(-121.79715672172406, 37.71509967333749)",167.28329467773438,0.0
738,p3rlv2641,"(-121.79731325821503, 37.714999296347266)",168.4566650390625,0.0
739,p3rlv2645,"(-121.79700435826686, 37.71515837545388)",167.25128173828125,0.0
740,p3rdt113lv,"(-121.77744066092907, 37.76147596433108)",217.6385040283203,0.0
741,p3rlv200,"(-121.7774907121822, 37.76149060460041)",218.4210662841797,0.0
742,p3rdt113,"(-121.77739879272842, 37.76144974134718)",219.1358642578125,0.0
743,p3rdt1052-p3rdt1054x,"(-121.7935873997148, 37.80825745848177)",648.5875854492188,9.0
744,p3rdt1057-p3rdt1062x,"(-121.78956642465504, 37.80707052368014)",610.306640625,8.0
745,p3rdt1062,"(-121.78801011112785, 37.80735175936659)",614.6688232421875,11.0
746,p3rdt1064,"(-121.7862097689654, 37.80577021644402)",598.4854736328125,8.0
747,p3rdt1059,"(-121.78532366058317, 37.80630688244144)",586.5142211914062,8.0
748,p3rdt167,"(-121.79342175518444, 37.720601677306725)",164.83831787109375,0.0
749,p3rdt165,"(-121.79300000747928, 37.72071448795205)",165.16871643066406,0.0
750,p3rdt33,"(-121.79597653909794, 37.720316121702766)",165.80979919433594,0.0
751,p3rdt956-p3rdt960x_b2_1,"(-121.77761904253906, 37.774938956990916)",284.2013854980469,6.0
752,p3rdt1077_b2_1,"(-121.78255268259029, 37.802965498312126)",567.0332641601562,28.0
753,p3rdt494,"(-121.78076090801842, 37.806693410702046)",459.14447021484375,23.0
754,p3rdt171_b2_1,"(-121.75153963687383, 37.76333651591565)",252.87681579589844,0.0
755,p3rdt107_b2_1,"(-121.77154328024649, 37.75238896738636)",189.74716186523438,0.0
756,p3rdt967_b2_1,"(-121.78310321082598, 37.772174740979665)",255.4751739501953,0.0
757,p3rdt1074-p3rdt959x_b2_1,"(-121.7785359759199, 37.77786859013225)",323.3876647949219,3.0
758,p3rdt988_b2_1,"(-121.77620589425248, 37.782828444072585)",380.95880126953125,0.0
759,p3rdt1001-p3rdt988x_b2_1,"(-121.7711866520852, 37.785570139047444)",405.1180419921875,4.0
760,p3rdt1001-p3rdt313x_b2_1,"(-121.7768601704254, 37.79480411433168)",524.4246215820312,2.0
761,p3rdt1084-p3rdt313x_b2_1,"(-121.7833975858999, 37.801315892236076)",597.7943725585938,5.0
762,p3rdt1052-p3rhs0_1247x_b2_1,"(-121.834210716406, 37.83118462498073)",415.5221862792969,20.0
763,p3rdt347_b2_1,"(-121.78787603997675, 37.79208798801452)",456.90777587890625,0.0
764,p3rdt540,"(-121.79519384801588, 37.788896558221396)",407.9621887207031,8.0
765,p3rdt314_b2_1,"(-121.7832042245822, 37.7937161887141)",524.3048095703125,3.0
766,p3rdt313_b2_1,"(-121.77916041342851, 37.7964744496626)",537.2822875976562,5.0
